date,f_open,f_high,f_low,f_close,f_adj_close
2020-05-01,2821.75,2879.75,2811.75,2871.5,1647259
2020-05-04,2825.25,2835.75,2771.0,2789.0,1510680
2020-05-05,2858.25,2889.75,2824.5,2827.0,1474765
2020-05-06,2833.5,2886.25,2832.0,2857.75,1466641
2020-05-07,2880.0,2895.0,2823.0,2832.0,1494330
2020-05-08,2928.5,2933.0,2879.75,2882.0,1326254
2020-05-11,2922.75,2947.0,2889.75,2920.75,1528302
2020-05-12,2852.5,2939.25,2838.0,2919.25,1824303
2020-05-13,2813.0,2876.75,2786.0,2839.75,2591379
2020-05-14,2847.0,2853.75,2760.25,2820.25,2501222
2020-05-15,2846.5,2863.5,2809.5,2846.25,1897194
2020-05-18,2948.0,2964.75,2850.0,2859.75,1775433
2020-05-19,2918.75,2976.25,2914.25,2945.0,1567224
2020-05-20,2968.5,2975.75,2908.5,2913.5,1532404
2020-05-21,2937.0,2973.5,2933.0,2972.25,1608225
2020-05-22,2953.0,2957.5,2903.75,2936.75,1377263
2020-05-26,2994.5,3019.75,2947.5,2948.5,1797241
2020-05-27,3035.5,3039.5,2965.5,2994.0,2109332
2020-05-28,3038.0,3065.5,3019.5,3035.0,1881295
2020-05-29,3042.0,3058.25,2992.0,3036.0,2258009
2020-06-01,3054.0,3059.0,3008.0,3029.75,1277803
2020-06-02,3077.0,3079.0,3035.0,3052.75,1458830
2020-06-03,3117.75,3129.5,3074.25,3078.0,1623708
2020-06-04,3110.5,3126.75,3087.5,3117.75,1830904
2020-06-05,3186.75,3210.5,3106.5,3113.25,2444330
2020-06-08,3227.5,3231.25,3183.25,3192.5,1602601
2020-06-09,3205.5,3231.0,3190.0,3227.75,1695764
2020-06-10,3186.0,3227.25,3179.75,3204.75,1996065
2020-06-11,3010.25,3188.5,2996.25,3183.75,3528726
2020-06-12,3034.75,3087.75,2982.0,3011.75,2872339
2020-06-15,3073.0,3079.25,2935.0,2992.75,1947459
2020-06-16,3128.75,3167.75,3071.25,3076.25,1377224
2020-06-17,3118.0,3157.75,3105.0,3122.0,610877
2020-06-18,3109.0,3130.5,3075.25,3115.0,373718
2020-06-19,3161.260009765625,3196.0,3106.75,3108.25,1952273
2020-06-22,3110.75,3114.25,3027.25,3040.25,1392325
2020-06-23,3118.5,3145.75,3060.0,3111.75,1528485
2020-06-24,3049.0,3128.5,3019.75,3113.25,2387916
2020-06-25,3070.75,3079.5,3005.0,3046.75,1967245
2020-06-26,3007.0,3082.0,2992.5,3071.25,2208418
2020-06-29,3047.75,3051.25,2983.5,2986.25,1585146
2020-06-30,3090.25,3101.25,3030.25,3046.0,1724164
2020-07-01,3103.0,3117.75,3062.75,3085.25,1537321
2020-07-02,3129.0,3156.5,3095.5,3101.75,1552517
2020-07-06,3172.0,3174.5,3105.75,3125.25,1459512
2020-07-07,3136.5,3184.0,3132.5,3170.0,1333466
2020-07-08,3163.5,3166.25,3125.5,3135.25,1527612
2020-07-09,3141.0,3170.75,3105.25,3166.25,1881833
2020-07-10,3178.5,3181.25,3111.5,3142.25,1408591
2020-07-13,3148.25,3226.25,3140.5,3183.5,2074726
2020-07-14,3183.5,3192.25,3119.0,3149.75,2256766
2020-07-15,3219.5,3233.25,3192.0,3204.0,1937696
2020-07-16,3194.5,3228.5,3188.5,3223.25,1471311
2020-07-17,3214.0,3225.25,3194.75,3198.5,1261113
2020-07-20,3245.25,3250.5,3190.25,3214.5,1401168
2020-07-21,3251.25,3273.25,3239.25,3243.75,1463931
2020-07-22,3265.5,3271.75,3227.25,3249.25,1354244
2020-07-23,3227.5,3284.5,3214.25,3267.75,1704453
2020-07-24,3204.0,3239.0,3191.5,3230.0,1761346
2020-07-27,3232.25,3235.0,3192.0,3210.75,1299512
2020-07-28,3213.0,3246.75,3208.0,3235.0,1375293
2020-07-29,3252.5,3257.0,3204.25,3215.0,1218031
2020-07-30,3248.75,3269.0,3195.0,3256.75,2000721
2020-07-31,3263.5,3273.75,3212.5,3269.25,2282794
2020-08-03,3288.5,3295.5,3254.75,3272.0,1250449
2020-08-04,3300.0,3300.5,3271.0,3290.75,1145269
2020-08-05,3316.0,3323.25,3292.0,3300.75,1116787
2020-08-06,3344.25,3345.5,3300.5,3317.0,1346665
2020-08-07,3344.75,3347.75,3322.25,3343.75,1615367
2020-08-10,3352.75,3357.25,3329.0,3347.0,1201751
2020-08-11,3330.0,3379.0,3319.5,3350.25,1733040
2020-08-12,3370.0,3382.5,3326.25,3339.5,1408718
2020-08-13,3367.75,3382.0,3357.5,3367.75,1205758
2020-08-14,3361.5,3380.5,3350.0,3369.25,1084771
2020-08-17,3379.75,3382.75,3364.75,3366.0,759304
2020-08-18,3387.0,3390.75,3365.25,3379.25,1019552
2020-08-19,3372.75,3395.75,3365.5,3388.75,1368420
2020-08-20,3380.75,3387.0,3344.75,3370.25,1203334
2020-08-21,3392.5,3396.25,3356.75,3383.5,1221450
2020-08-24,3427.5,3429.5,3393.5,3398.75,1282950
2020-08-25,3443.0,3448.75,3421.75,3427.0,1133837
2020-08-26,3480.25,3483.5,3436.75,3444.75,1277539
2020-08-27,3485.25,3498.25,3464.75,3479.5,1633581
2020-08-28,3504.5,3509.5,3480.75,3488.0,1248430
2020-08-31,3499.0,3524.5,3490.0,3508.5,1439600
2020-09-01,3527.0,3530.0,3484.25,3493.25,1283622
2020-09-02,3579.25,3587.0,3526.25,3529.0,1853078
2020-09-03,3461.5,3586.5,3424.5,3578.75,2872337
2020-09-04,3417.5,3484.25,3347.75,3454.75,2994363
2020-09-08,3335.5,3447.0,3327.5,3420.5,2732946
2020-09-09,3400.25,3424.0,3295.5,3315.25,2011132
2020-09-10,3340.5,3424.25,3327.25,3396.0,2332667
2020-09-11,3333.75,3375.0,3308.75,3345.25,1876451
2020-09-14,3382.5,3402.75,3345.5,3350.0,1378626
2020-09-15,3405.25,3419.0,3376.0,3379.5,874366
2020-09-16,3389.5,3429.75,3384.0,3405.0,571749
2020-09-17,3361.5,3396.5,3320.5,3392.75,384917
2020-09-18,3353.60009765625,3374.25,3341.75,3355.75,2365554
2020-09-21,3275.0,3326.25,3217.75,3314.5,2507980
2020-09-22,3299.25,3309.5,3256.5,3271.5,1576319
2020-09-23,3231.25,3319.75,3221.0,3303.75,1979661
2020-09-24,3238.0,3268.25,3198.0,3228.0,2277010
2020-09-25,3287.25,3296.25,3206.5,3243.5,1697090
2020-09-28,3346.0,3351.25,3287.5,3291.0,1495804
2020-09-29,3333.75,3363.0,3316.5,3348.75,1326597
2020-09-30,3352.0,3384.0,3291.25,3330.0,2170601
2020-10-01,3367.75,3388.0,3343.25,3344.75,1517912
2020-10-02,3339.25,3375.5,3300.25,3367.0,2028921
2020-10-05,3393.0,3400.0,3346.5,3360.0,1077474
2020-10-06,3353.25,3421.75,3330.5,3392.0,1701062
2020-10-07,3406.75,3416.75,3332.25,3338.0,1400616
2020-10-08,3437.5,3447.25,3405.5,3406.25,1104986
2020-10-09,3473.25,3480.0,3445.25,3447.25,1185272
2020-10-12,3532.75,3541.0,3464.25,3467.5,1401063
2020-10-13,3504.75,3535.75,3491.5,3534.0,1617226
2020-10-14,3481.0,3524.0,3472.0,3502.0,1539718
2020-10-15,3475.5,3486.5,3431.5,3479.25,1650150
2020-10-16,3462.25,3508.5,3461.25,3478.5,1398947
2020-10-19,3422.75,3496.5,3410.75,3471.0,1645853
2020-10-20,3432.25,3469.75,3418.75,3436.0,1702183
2020-10-21,3432.5,3458.0,3420.5,3437.0,1681275
2020-10-22,3449.25,3453.0,3402.5,3430.25,1501259
2020-10-23,3451.75,3462.5,3431.5,3455.75,1216313
2020-10-26,3393.5,3446.25,3356.0,3445.75,1957780
2020-10-27,3383.0,3410.0,3368.25,3394.25,1566246
2020-10-28,3263.5,3370.25,3260.75,3369.0,2627180
2020-10-29,3302.25,3333.75,3250.25,3279.0,1965277
2020-10-30,3264.75,3296.25,3225.0,3268.0,2494925
2020-11-02,3300.5,3323.5,3243.25,3260.0,1849320
2020-11-03,3361.5,3382.75,3301.25,3304.0,1664690
2020-11-04,3435.0,3480.0,3319.0,3362.75,2813083
2020-11-05,3504.75,3522.5,3428.25,3448.0,1671417
2020-11-06,3500.75,3519.0,3456.75,3508.75,1640000
2020-11-09,3544.0,3668.0,3515.75,3522.5,2605322
2020-11-10,3541.0,3562.75,3506.5,3549.5,2160319
2020-11-11,3568.0,3576.75,3531.0,3546.25,1324983
2020-11-12,3532.5,3574.5,3513.0,3574.5,1685890
2020-11-13,3582.0,3590.0,3518.0,3537.5,1334530
2020-11-16,3623.0,3637.0,3586.5,3587.0,1303941
2020-11-17,3606.75,3630.0,3584.25,3625.5,1268206
2020-11-18,3565.0,3623.25,3556.5,3604.5,1325309
2020-11-19,3580.0,3582.75,3542.25,3562.0,1291117
2020-11-20,3554.25,3582.5,3542.75,3560.0,1189621
2020-11-23,3576.0,3588.0,3545.5,3546.5,1204848
2020-11-24,3632.75,3640.0,3575.25,3576.0,1288993
2020-11-25,3627.25,3655.0,3615.25,3635.5,1016343
2020-11-27,3636.5,3642.75,3612.75,3630.25,639268
2020-11-30,3623.25,3652.0,3592.25,3643.75,1712274
2020-12-01,3660.5,3677.5,3626.0,3631.0,1365328
2020-12-02,3667.25,3672.75,3642.25,3661.25,1106696
2020-12-03,3664.5,3682.0,3655.25,3671.0,1124033
2020-12-04,3698.0,3700.0,3665.5,3668.25,991860
2020-12-07,3690.75,3705.0,3672.25,3694.75,1078372
2020-12-08,3702.0,3708.0,3664.25,3682.75,1119000
2020-12-09,3672.5,3714.75,3659.5,3707.75,1792176
2020-12-10,3668.5,3681.25,3644.0,3669.5,1601203
2020-12-11,3661.25,3674.75,3628.25,3670.0,1538362
2020-12-14,3646.5,3698.0,3642.75,3677.75,1486250
2020-12-15,3694.5,3695.75,3642.75,3653.0,1029503
2020-12-16,3700.75,3711.5,3687.0,3697.75,584711
2020-12-17,3721.25,3724.75,3699.5,3704.5,292916
2020-12-18,3726.25,3733.25,3707.75,3721.5,1731161
2020-12-21,3685.75,3724.0,3596.0,3718.25,1837575
2020-12-22,3677.25,3695.0,3663.75,3685.0,1104998
2020-12-23,3681.5,3701.75,3651.0,3674.25,1021819
2020-12-24,3695.0,3696.0,3678.5,3685.25,369650
2020-12-28,3727.5,3732.25,3676.0,3682.0,760654
2020-12-29,3720.0,3747.75,3714.5,3731.0,992636
2020-12-30,3724.25,3738.25,3716.5,3724.5,769995
2020-12-31,3748.75,3753.0,3715.0,3725.0,993343
2021-01-04,3692.25,3773.25,3652.5,3748.75,2037616
2021-01-05,3718.25,3730.0,3673.25,3695.0,1414022
2021-01-06,3740.5,3774.75,3685.5,3717.5,2127155
2021-01-07,3795.5,3804.0,3742.0,3752.5,1302021
2021-01-08,3817.5,3824.5,3775.0,3797.75,1619438
2021-01-11,3792.0,3820.75,3776.5,3815.5,1292422
2021-01-12,3794.5,3806.75,3768.0,3794.25,1216214
2021-01-13,3803.75,3813.5,3776.5,3792.0,1049186
2021-01-14,3791.25,3817.75,3786.25,3808.5,1170812
2021-01-15,3762.25,3797.75,3741.5,3793.0,1781463
2021-01-19,3790.5,3797.0,3740.5,3750.0,1315580
2021-01-20,3845.0,3852.5,3788.5,3796.75,1248787
2021-01-21,3846.0,3859.75,3836.5,3841.5,1068271
2021-01-22,3834.25,3849.0,3813.25,3846.75,1186856
2021-01-25,3848.5,3853.25,3788.5,3835.5,1763898
2021-01-26,3842.5,3862.25,3821.5,3845.0,1172461
2021-01-27,3744.25,3853.0,3706.5,3845.25,2572020
2021-01-28,3779.25,3823.5,3703.5,3735.25,2149910
2021-01-29,3705.25,3777.25,3685.5,3770.25,2691820
2021-02-01,3765.75,3777.0,3656.5,3692.25,1687396
2021-02-02,3818.25,3835.75,3760.0,3764.75,1419765
2021-02-03,3823.5,3843.5,3807.75,3829.5,1285692
2021-02-04,3864.5,3869.75,3811.25,3832.75,1136404
2021-02-05,3880.25,3888.25,3860.0,3864.25,1138874
2021-02-08,3908.0,3911.25,3885.5,3889.0,972437
2021-02-09,3905.5,3913.25,3895.0,3910.5,881922
2021-02-10,3903.0,3928.5,3878.25,3912.25,1560824
2021-02-11,3912.0,3920.5,3884.5,3907.0,1296054
2021-02-12,3931.0,3936.25,3890.25,3905.25,1050298
2021-02-16,3927.75,3959.25,3918.75,3936.5,1450425
2021-02-17,3928.0,3932.25,3896.5,3929.0,1382825
2021-02-18,3909.5,3936.0,3880.5,3928.25,1536949
2021-02-19,3903.0,3931.0,3890.25,3910.5,1427294
2021-02-22,3873.5,3914.5,3861.25,3905.5,1514278
2021-02-23,3878.0,3896.0,3804.75,3878.0,2282940
2021-02-24,3922.5,3927.75,3851.75,3876.25,1944661
2021-02-25,3828.0,3934.5,3810.25,3923.5,2863387
2021-02-26,3809.25,3858.5,3785.0,3823.25,3010481
2021-03-01,3898.75,3912.0,3812.5,3817.25,1692835
2021-03-02,3867.5,3906.5,3865.5,3903.25,1641396
2021-03-03,3816.75,3898.0,3813.0,3867.5,2203398
2021-03-04,3765.5,3842.25,3720.5,3818.0,3192468
2021-03-05,3839.0,3850.0,3728.5,3765.5,2948117
2021-03-08,3819.25,3878.75,3796.25,3854.75,2198363
2021-03-09,3873.25,3901.25,3826.25,3831.25,1704837
2021-03-10,3896.5,3916.25,3856.25,3878.5,1845205
2021-03-11,3936.75,3958.5,3893.0,3907.75,1599748
2021-03-12,3942.25,3947.5,3910.25,3937.5,1448886
2021-03-15,3967.5,3969.75,3922.25,3945.75,1295099
2021-03-16,3962.5,3980.5,3952.75,3967.0,887247
2021-03-17,3974.0,3983.75,3935.25,3967.5,520411
2021-03-18,3916.5,3988.75,3911.0,3972.0,335435
2021-03-19,3912.6201171875,3934.25,3908.0,3923.75,2047619
2021-03-22,3930.0,3944.5,3885.0,3893.5,1325987
2021-03-23,3899.75,3938.75,3890.5,3933.25,1877976
2021-03-24,3880.75,3931.5,3877.5,3905.75,2063480
2021-03-25,3900.5,3909.5,3843.25,3882.75,2279488
2021-03-26,3964.75,3968.0,3900.75,3907.5,1984060
2021-03-29,3959.0,3971.25,3928.75,3962.25,2003052
2021-03-30,3947.75,3968.5,3933.75,3965.25,1590486
2021-03-31,3967.5,3983.75,3941.5,3949.5,1642169
2021-04-01,4010.0,4015.25,3964.5,3967.5,1245846
2021-04-05,4067.75,4073.75,4021.0,4030.0,1250666
2021-04-06,4064.0,4076.0,4052.25,4069.75,1252163
2021-04-07,4070.0,4075.5,4056.5,4067.0,1101579
2021-04-08,4089.0,4098.5,4072.5,4074.25,988346
2021-04-09,4119.5,4121.5,4081.0,4098.0,1090560
2021-04-12,4120.25,4124.5,4104.5,4114.25,1089291
2021-04-13,4132.75,4139.75,4101.25,4122.75,1081282
2021-04-14,4118.0,4144.0,4113.0,4134.75,1529562
2021-04-15,4162.5,4166.5,4119.5,4123.5,1277980
2021-04-16,4176.25,4183.5,4154.25,4162.75,1304078
2021-04-19,4155.5,4174.75,4141.75,4165.0,1618649
2021-04-20,4126.5,4167.25,4110.5,4156.25,1700883
2021-04-21,4164.75,4167.25,4113.0,4121.25,1505474
2021-04-22,4127.75,4171.75,4115.25,4157.5,1944942
2021-04-23,4171.5,4186.75,4127.5,4129.0,1509514
2021-04-26,4179.5,4186.0,4163.75,4170.75,1019731
2021-04-27,4179.0,4192.5,4166.75,4181.5,992029
2021-04-28,4176.25,4193.75,4172.75,4180.25,1282972
2021-04-29,4203.5,4211.0,4168.0,4184.75,1746965
2021-04-30,4174.5,4201.5,4167.25,4200.75,1898434
2021-05-03,4185.75,4202.5,4181.0,4181.5,1256240
2021-05-04,4158.25,4185.5,4120.5,4184.25,2003587
2021-05-05,4160.0,4180.0,4153.0,4158.25,1418246
2021-05-06,4194.25,4197.25,4140.5,4158.75,1751616
2021-05-07,4225.25,4232.25,4191.75,4197.5,1652592
2021-05-10,4183.5,4238.25,4172.0,4226.75,1662210
2021-05-11,4146.25,4185.5,4103.75,4176.75,2520859
2021-05-12,4058.75,4150.5,4051.0,4140.0,2629953
2021-05-13,4107.0,4126.75,4029.25,4053.5,2381081
2021-05-14,4169.0,4178.25,4105.25,4112.5,1513171
2021-05-17,4157.75,4178.75,4136.5,4169.0,1480730
2021-05-18,4123.0,4179.5,4111.5,4159.0,1285520
2021-05-19,4111.5,4123.0,4055.5,4114.0,2313119
2021-05-20,4154.25,4169.25,4084.5,4107.75,1486599
2021-05-21,4151.75,4185.0,4147.0,4152.5,1466725
2021-05-24,4193.75,4206.25,4142.5,4151.5,1046500
2021-05-25,4185.5,4212.75,4179.25,4199.25,1221701
2021-05-26,4193.0,4204.25,4180.5,4188.0,1051147
2021-05-27,4199.0,4211.5,4177.75,4193.0,1179928
2021-05-28,4202.5,4217.5,4201.0,4211.25,1110833
2021-06-01,4198.5,4230.0,4190.0,4206.5,1366344
2021-06-02,4206.25,4215.0,4190.75,4198.5,1059938
2021-06-03,4191.25,4213.25,4165.25,4208.0,1384271
2021-06-04,4228.25,4232.0,4177.0,4190.75,1051573
2021-06-07,4225.5,4232.5,4214.0,4232.25,934681
2021-06-08,4225.75,4236.75,4205.75,4227.5,1305814
2021-06-09,4218.5,4235.0,4217.0,4225.5,1057216
2021-06-10,4238.0,4249.0,4207.0,4222.25,1563728
2021-06-11,4245.75,4247.75,4230.75,4239.5,1084830
2021-06-14,4254.75,4257.5,4233.5,4248.0,1116773
2021-06-15,4246.5,4267.5,4238.0,4255.25,981189
2021-06-16,4223.0,4251.25,4200.75,4248.0,511740
2021-06-17,4222.25,4232.5,4193.0,4214.25,326193
2021-06-18,4187.25,4231.0,4183.75,4225.75,1951342
2021-06-21,4213.75,4219.75,4126.75,4142.5,1425623
2021-06-22,4236.25,4245.5,4205.75,4219.25,1063749
2021-06-23,4231.5,4248.25,4230.5,4237.5,938299
2021-06-24,4256.0,4263.75,4231.75,4233.75,878788
2021-06-25,4271.25,4276.75,4253.5,4262.0,906160
2021-06-28,4280.5,4282.0,4264.25,4275.0,823723
2021-06-29,4282.0,4291.0,4271.75,4280.5,741471
2021-06-30,4288.5,4294.25,4269.25,4284.75,1100062
2021-07-01,4310.75,4312.0,4286.0,4294.25,985190
2021-07-02,4342.75,4347.0,4308.0,4309.75,999780
2021-07-06,4334.0,4348.0,4305.25,4341.0,1368133
2021-07-07,4349.75,4353.25,4320.25,4328.0,1221078
2021-07-08,4313.0,4352.25,4279.25,4352.25,1991636
2021-07-09,4360.0,4364.0,4293.25,4310.25,1311506
2021-07-12,4376.5,4379.25,4341.75,4362.0,1055739
2021-07-13,4361.25,4383.75,4356.5,4377.0,1249893
2021-07-14,4367.75,4384.5,4350.0,4359.5,1308582
2021-07-15,4352.0,4370.25,4332.5,4366.5,1611726
2021-07-16,4318.5,4368.0,4314.25,4347.75,1636065
2021-07-19,4251.25,4320.75,4224.0,4320.0,2599774
2021-07-20,4315.5,4329.0,4252.75,4262.75,1844380
2021-07-21,4350.5,4355.25,4310.0,4318.75,1191429
2021-07-22,4359.5,4371.5,4341.5,4355.0,981969
2021-07-23,4403.0,4408.25,4367.25,4371.5,1173337
2021-07-26,4414.25,4416.75,4375.5,4400.5,938628
2021-07-27,4394.5,4416.0,4364.75,4415.75,1575473
2021-07-28,4393.75,4407.75,4377.5,4380.0,1221313
2021-07-29,4411.75,4422.5,4380.5,4393.75,1009496
2021-07-30,4389.5,4405.0,4370.75,4394.25,1376982
2021-08-02,4379.75,4419.75,4377.25,4396.5,1193301
2021-08-03,4415.0,4417.0,4365.25,4383.75,1296856
2021-08-04,4394.75,4415.0,4391.25,4409.75,1047251
2021-08-05,4421.5,4422.75,4393.75,4396.25,763343
2021-08-06,4429.5,4433.25,4416.0,4420.25,951045
2021-08-09,4425.75,4432.0,4412.25,4428.0,789726
2021-08-10,4430.0,4438.25,4416.5,4427.25,950320
2021-08-11,4440.5,4443.25,4420.75,4429.25,1001054
2021-08-12,4454.5,4456.25,4430.25,4440.0,850527
2021-08-13,4462.5,4463.25,4451.0,4455.75,789104
2021-08-16,4474.0,4476.5,4432.5,4456.25,1239520
2021-08-17,4443.5,4472.25,4411.75,4472.0,1789568
2021-08-18,4394.5,4449.75,4381.5,4436.75,1546011
2021-08-19,4401.5,4414.75,4347.75,4389.75,1924058
2021-08-20,4437.0,4440.5,4371.75,4403.75,1328852
2021-08-23,4475.5,4485.75,4433.5,4435.0,997026
2021-08-24,4482.5,4492.0,4476.75,4481.0,787503
2021-08-25,4493.0,4498.0,4476.25,4483.5,801106
2021-08-26,4466.5,4494.25,4465.0,4493.75,1306718
2021-08-27,4505.5,4510.0,4462.25,4470.0,1216414
2021-08-30,4525.25,4534.5,4500.75,4508.75,975807
2021-08-31,4520.5,4542.25,4512.5,4529.5,1378199
2021-09-01,4521.25,4540.0,4519.25,4527.75,1061414
2021-09-02,4535.25,4544.0,4516.0,4522.5,1016806
2021-09-03,4534.5,4549.5,4519.25,4536.75,1156146
2021-09-07,4519.25,4548.0,4510.75,4533.0,1277938
2021-09-08,4512.5,4524.75,4492.0,4517.5,1606757
2021-09-09,4492.25,4529.5,4485.5,4511.0,1696301
2021-09-10,4458.25,4518.25,4456.5,4491.25,1721413
2021-09-13,4469.0,4492.75,4444.75,4461.0,1534719
2021-09-14,4444.5,4489.5,4435.0,4475.5,893788
2021-09-15,4481.75,4487.5,4437.5,4446.75,518985
2021-09-16,4474.25,4487.5,4443.0,4486.0,268026
2021-09-17,4464.330078125,4482.5,4459.0,4471.0,1968041
2021-09-20,4348.25,4418.0,4293.75,4411.75,2711340
2021-09-21,4343.25,4395.75,4329.25,4342.5,1941006
2021-09-22,4384.0,4406.5,4321.25,4336.5,1767853
2021-09-23,4438.0,4455.0,4385.75,4386.0,1447395
2021-09-24,4445.75,4453.0,4410.75,4439.0,1182037
2021-09-27,4433.0,4472.0,4425.0,4446.0,1306188
2021-09-28,4343.5,4442.0,4334.75,4429.75,2307037
2021-09-29,4349.75,4378.75,4344.25,4347.5,1815726
2021-09-30,4297.75,4389.0,4294.25,4360.0,2373423
2021-10-01,4343.75,4365.75,4260.0,4301.0,2269695
2021-10-04,4291.25,4362.0,4267.5,4349.0,2135338
2021-10-05,4334.0,4359.75,4269.0,4295.75,1650217
2021-10-06,4354.0,4357.5,4273.75,4334.0,2202805
2021-10-07,4390.0,4421.5,4355.0,4355.25,1406808
2021-10-08,4382.25,4407.75,4376.25,4390.5,1428160
2021-10-11,4351.0,4407.5,4344.0,4381.0,1245705
2021-10-12,4340.75,4365.0,4317.25,4347.75,1295686
2021-10-13,4355.0,4364.75,4318.75,4327.5,1372482
2021-10-14,4429.0,4437.25,4354.0,4354.75,1264458
2021-10-15,4462.5,4467.5,4426.25,4433.0,1185108
2021-10-18,4477.5,4479.75,4436.25,4465.5,1095216
2021-10-19,4511.25,4517.5,4471.75,4475.75,1018177
2021-10-20,4528.0,4532.25,4504.0,4516.0,1006857
2021-10-21,4541.75,4543.25,4510.25,4525.0,938565
2021-10-22,4536.5,4551.5,4515.25,4530.0,1315668
2021-10-25,4558.0,4566.25,4522.5,4528.75,1031431
2021-10-26,4565.25,4590.0,4560.75,4564.75,1257346
2021-10-27,4544.5,4576.75,4543.75,4563.75,1263181
2021-10-28,4587.5,4589.75,4545.25,4548.75,1195785
2021-10-29,4597.0,4603.5,4559.25,4577.0,1418280
2021-11-01,4605.75,4619.5,4586.5,4608.0,1071118
2021-11-02,4623.5,4627.0,4593.25,4605.75,980833
2021-11-03,4652.25,4657.0,4613.0,4621.25,1074650
2021-11-04,4673.25,4676.25,4650.75,4651.5,1169886
2021-11-05,4690.25,4711.75,4667.5,4671.75,1459142
2021-11-08,4694.0,4707.0,4676.25,4678.5,1000404
2021-11-09,4678.25,4700.5,4663.25,4690.75,1289857
2021-11-10,4642.0,4680.25,4625.25,4674.75,1639098
2021-11-11,4643.0,4661.5,4638.0,4645.0,936857
2021-11-12,4678.25,4685.5,4643.75,4647.0,1155591
2021-11-15,4679.0,4697.5,4667.0,4684.75,1047123
2021-11-16,4696.0,4709.75,4670.75,4680.75,1043587
2021-11-17,4686.25,4701.0,4679.25,4696.5,1056696
2021-11-18,4701.5,4706.5,4668.0,4685.25,1168195
2021-11-19,4694.5,4723.5,4684.25,4705.25,1344893
2021-11-22,4679.75,4740.5,4674.25,4701.0,1685386
2021-11-23,4688.5,4695.5,4649.0,4686.0,1872492
2021-11-24,4699.0,4702.25,4656.25,4686.25,1408571
2021-11-26,4595.75,4717.0,4577.25,4700.5,2068167
2021-11-29,4651.0,4669.75,4588.75,4589.0,2014967
2021-11-30,4566.25,4667.5,4557.0,4657.25,2845560
2021-12-01,4508.5,4650.75,4497.75,4587.5,2670344
2021-12-02,4575.75,4593.75,4505.5,4514.75,2587324
2021-12-03,4537.5,4606.5,4492.0,4587.25,2747667
2021-12-06,4590.0,4611.75,4531.5,4542.25,2031995
2021-12-07,4685.0,4697.25,4587.25,4594.25,1771947
2021-12-08,4699.0,4712.0,4671.75,4695.25,1418355
2021-12-09,4667.0,4706.0,4662.25,4697.25,1593325
2021-12-10,4711.0,4712.75,4664.25,4669.25,1585049
2021-12-13,4668.75,4731.0,4664.75,4711.25,1605196
2021-12-14,4637.0,4686.0,4606.0,4672.0,1211592
2021-12-15,4709.5,4715.0,4611.25,4637.75,673190
2021-12-16,4668.75,4752.5,4651.25,4711.5,435986
2021-12-17,4636.4599609375,4677.75,4629.5,4674.25,2472118
2021-12-20,4558.5,4621.5,4520.25,4612.0,2097624
2021-12-21,4640.75,4643.0,4565.75,4567.75,1493880
2021-12-22,4686.0,4690.5,4622.25,4641.75,1104688
2021-12-23,4715.75,4731.25,4684.25,4689.0,978022
2021-12-27,4782.25,4784.25,4713.25,4717.0,898698
2021-12-28,4778.5,4798.0,4770.5,4780.5,954520
2021-12-29,4784.5,4796.0,4770.0,4781.0,876030
2021-12-30,4772.25,4799.75,4767.25,4784.75,753935
2021-12-31,4758.5,4778.5,4750.5,4773.75,954083
2022-01-03,4786.0,4791.25,4747.5,4771.0,1322362
2022-01-04,4784.25,4808.25,4764.5,4785.25,1392809
2022-01-05,4692.5,4788.25,4689.5,4783.5,1856376
2022-01-06,4687.5,4715.75,4662.0,4692.0,1862918
2022-01-07,4667.75,4705.75,4653.75,4695.0,1618440
2022-01-10,4662.25,4681.75,4572.75,4671.25,2231980
2022-01-11,4705.0,4707.5,4627.25,4663.5,1729004
2022-01-12,4716.25,4739.5,4695.0,4704.0,1583216
2022-01-13,4652.0,4736.25,4642.5,4719.25,1824612
2022-01-14,4654.75,4667.0,4606.0,4655.0,2010610
2022-01-18,4571.25,4671.75,4560.0,4666.0,2268240
2022-01-19,4524.25,4603.0,4517.25,4577.75,2001348
2022-01-20,4474.75,4594.25,4437.75,4526.0,2040704
2022-01-21,4390.0,4487.0,4381.25,4454.25,3012106
2022-01-24,4403.75,4427.5,4212.75,4389.0,3846785
2022-01-25,4349.0,4406.75,4276.5,4402.75,2483392
2022-01-26,4341.5,4446.25,4294.25,4308.75,2423103
2022-01-27,4317.75,4422.0,4263.25,4345.25,2295458
2022-01-28,4423.25,4426.0,4266.25,4348.0,2251268
2022-01-31,4504.25,4507.75,4395.5,4423.5,1846145
2022-02-01,4535.0,4554.75,4474.0,4493.25,1618163
2022-02-02,4577.25,4586.0,4535.25,4552.0,1624220
2022-02-03,4469.0,4548.25,4462.0,4545.75,1800714
2022-02-04,4492.5,4532.5,4438.5,4518.0,1957881
2022-02-07,4475.75,4514.5,4462.75,4497.0,1495143
2022-02-08,4512.5,4523.75,4456.25,4484.0,1459766
2022-02-09,4577.75,4585.0,4517.25,4519.0,1383317
2022-02-10,4497.5,4583.75,4476.0,4582.25,2403026
2022-02-11,4409.5,4520.5,4393.25,4494.5,2479025
2022-02-14,4394.0,4428.0,4354.0,4411.75,2098618
2022-02-15,4464.5,4468.0,4381.75,4393.5,1523305
2022-02-16,4470.0,4484.5,4422.75,4458.75,1426847
2022-02-17,4374.5,4474.75,4367.25,4464.25,1629730
2022-02-18,4343.5,4411.5,4321.0,4374.75,1824590
2022-02-22,4300.0,4391.25,4250.0,4324.25,2589159
2022-02-23,4222.0,4345.5,4212.5,4310.75,1914227
2022-02-24,4284.0,4290.0,4101.75,4215.5,2945330
2022-02-25,4380.0,4384.25,4227.5,4266.75,1950397
2022-02-28,4368.0,4385.5,4251.5,4299.5,2189820
2022-03-01,4303.75,4399.0,4275.0,4367.5,1869277
2022-03-02,4381.75,4399.25,4278.25,4308.75,1712970
2022-03-03,4359.25,4418.75,4341.0,4373.75,1547676
2022-03-04,4327.25,4374.5,4281.25,4366.5,1842722
2022-03-07,4198.5,4325.25,4185.25,4308.75,1902001
2022-03-08,4168.75,4275.0,4138.75,4186.5,2333021
2022-03-09,4275.25,4298.25,4152.0,4153.0,1659520
2022-03-10,4257.25,4282.25,4207.0,4279.0,1745090
2022-03-11,4201.5,4335.5,4198.0,4258.5,1645055
2022-03-14,4172.0,4254.5,4160.75,4216.0,1438651
2022-03-15,4262.0,4271.5,4138.0,4180.25,1085846
2022-03-16,4358.0,4376.0,4246.25,4257.5,722600
2022-03-17,4410.25,4415.25,4329.0,4370.5,434642
2022-03-18,4409.35009765625,4409.35009765625,4373.75,4393.0,1405299
2022-03-21,4452.25,4473.0,4415.0,4460.0,1375090
2022-03-22,4505.0,4514.75,4433.0,4456.75,1205860
2022-03-23,4447.5,4514.0,4444.75,4504.0,1336967
2022-03-24,4512.5,4517.5,4445.75,4449.25,1221569
2022-03-25,4536.5,4539.0,4493.25,4516.25,1251078
2022-03-28,4568.0,4572.25,4509.75,4535.25,1182527
2022-03-29,4625.5,4631.0,4565.25,4570.25,1353683
2022-03-30,4596.0,4627.5,4574.75,4621.25,1206203
2022-03-31,4530.75,4614.25,4526.25,4599.0,1650667
2022-04-01,4539.25,4555.5,4501.25,4541.0,1441126
2022-04-04,4577.75,4580.0,4527.75,4538.25,1025558
2022-04-05,4520.25,4588.75,4507.75,4576.25,1303877
2022-04-06,4475.75,4528.75,4444.5,4526.25,1803684
2022-04-07,4496.25,4517.25,4444.5,4471.25,1446250
2022-04-08,4483.5,4519.75,4468.75,4494.75,1358450
2022-04-11,4409.0,4491.25,4403.5,4488.75,1431371
2022-04-12,4393.0,4466.75,4375.5,4411.0,1739771
2022-04-13,4442.25,4449.5,4384.0,4396.75,1254348
2022-04-14,4387.5,4455.75,4385.0,4438.5,1396074
2022-04-18,4386.75,4406.25,4355.5,4390.0,1149765
2022-04-19,4459.25,4467.0,4371.75,4399.0,1465764
2022-04-20,4455.5,4484.25,4432.75,4441.0,1423396
2022-04-21,4390.5,4509.0,4380.0,4468.0,1704137
2022-04-22,4267.25,4393.25,4247.5,4385.75,2039961
2022-04-25,4292.75,4296.5,4195.25,4259.0,2280374
2022-04-26,4170.5,4303.5,4136.75,4294.0,2018166
2022-04-27,4180.25,4236.25,4149.0,4149.5,2035627
2022-04-28,4283.5,4303.5,4182.5,4213.0,1798644
2022-04-29,4127.5,4279.75,4118.75,4244.0,2117160
2022-05-02,4151.0,4165.75,4056.0,4144.0,2351404
2022-05-03,4169.25,4195.75,4129.0,4145.5,1678497
2022-05-04,4295.25,4303.0,4142.75,4171.25,1783477
2022-05-05,4143.25,4300.75,4099.25,4289.75,2389422
2022-05-06,4119.5,4153.25,4062.0,4146.5,2310919
2022-05-09,3987.5,4099.0,3970.0,4087.25,2139992
2022-05-10,3996.75,4065.5,3953.0,3993.25,2247750
2022-05-11,3930.25,4050.5,3923.75,3990.5,2157244
2022-05-12,3927.25,3961.75,3855.0,3939.75,2380563
2022-05-13,4019.75,4036.0,3915.5,3916.25,1859074
2022-05-16,4004.75,4043.5,3979.5,4025.0,1695198
2022-05-17,4084.75,4091.5,4000.5,4002.0,1716498
2022-05-18,3922.75,4095.0,3905.5,4091.25,2202394
2022-05-19,3897.75,3943.5,3856.0,3916.5,2317604
2022-05-20,3899.5,3949.5,3807.5,3900.5,2408399
2022-05-23,3971.75,3982.25,3906.5,3910.5,1736162
2022-05-24,3940.5,3954.5,3872.0,3951.75,2017453
2022-05-25,3976.75,3997.75,3913.5,3950.0,1744116
2022-05-26,4055.75,4073.5,3960.5,3972.25,1493132
2022-05-27,4155.75,4168.25,4041.25,4047.5,1547507
2022-05-31,4131.25,4202.25,4102.75,4164.5,2222573
2022-06-01,4099.0,4165.0,4071.5,4138.5,1912031
2022-06-02,4175.25,4179.0,4072.25,4097.75,1513748
2022-06-03,4107.0,4189.0,4096.75,4177.75,1532766
2022-06-06,4120.5,4168.25,4104.5,4110.5,1457918
2022-06-07,4158.75,4164.0,4076.0,4122.0,1677883
2022-06-08,4114.0,4160.0,4105.25,4150.75,1706628
2022-06-09,4016.25,4144.25,4014.75,4116.0,2024783
2022-06-10,3899.0,4029.5,3895.25,4025.25,2117225
2022-06-13,3750.5,3876.5,3732.5,3870.75,2155159
2022-06-14,3736.75,3805.0,3705.25,3758.25,1341257
2022-06-15,3789.25,3839.0,3720.25,3740.0,777545
2022-06-16,3668.25,3828.75,3639.0,3794.25,544027
2022-06-17,3663.760009765625,3710.75,3663.760009765625,3677.5,2207570
2022-06-21,3767.75,3783.75,3661.5,3684.0,1566039
2022-06-22,3762.75,3805.5,3693.25,3766.25,1660579
2022-06-23,3799.75,3805.75,3735.0,3761.25,1607695
2022-06-24,3916.25,3919.75,3781.25,3785.25,1563128
2022-06-27,3903.75,3948.0,3892.5,3915.0,1497368
2022-06-28,3825.5,3950.0,3821.75,3911.25,1791690
2022-06-29,3821.25,3840.0,3801.25,3828.25,1717770
2022-06-30,3789.5,3825.0,3741.25,3822.75,2394361
2022-07-01,3827.25,3833.5,3744.5,3782.0,1752977
2022-07-05,3834.0,3857.75,3744.0,3828.5,2031501
2022-07-06,3848.25,3875.0,3808.75,3838.0,1684324
2022-07-07,3905.0,3914.25,3832.5,3853.75,1314443
2022-07-08,3901.25,3922.0,3868.0,3897.0,1485497
2022-07-11,3856.75,3900.75,3850.0,3900.0,1486103
2022-07-12,3823.75,3876.5,3804.75,3862.0,1640864
2022-07-13,3804.5,3873.0,3752.0,3825.0,2157968
2022-07-14,3793.25,3806.25,3723.75,3795.75,1916260
2022-07-15,3865.0,3868.25,3780.25,3797.75,1523753
2022-07-18,3833.75,3909.5,3820.25,3878.5,1439590
2022-07-19,3937.5,3948.0,3834.0,3838.5,1611604
2022-07-20,3962.5,3977.25,3922.25,3947.0,1734355
2022-07-21,4001.25,4004.75,3930.25,3954.0,1821097
2022-07-22,3965.0,4016.25,3941.5,3988.0,1736592
2022-07-25,3970.0,3988.75,3946.0,3967.75,1493471
2022-07-26,3923.25,3964.5,3913.25,3959.0,1589161
2022-07-27,4024.5,4042.75,3938.75,3939.25,1740431
2022-07-28,4073.5,4111.0,3994.5,4022.0,2014467
2022-07-29,4133.5,4144.0,4081.0,4105.0,1919598
2022-08-01,4120.5,4147.25,4097.0,4137.5,1776936
2022-08-02,4093.75,4143.0,4080.5,4119.75,1892241
2022-08-03,4156.25,4170.0,4084.5,4097.0,1696602
2022-08-04,4152.25,4173.25,4136.0,4150.25,1245063
2022-08-05,4146.75,4166.25,4103.75,4152.0,1722401
2022-08-08,4141.75,4188.0,4129.25,4149.75,1536449
2022-08-09,4124.5,4155.0,4113.0,4148.5,1280085
2022-08-10,4210.0,4213.5,4113.75,4128.75,1627940
2022-08-11,4209.75,4260.5,4202.75,4210.75,1598130
2022-08-12,4281.0,4282.75,4208.25,4219.25,1300170
2022-08-15,4298.25,4304.75,4249.0,4277.0,1317241
2022-08-16,4307.75,4327.5,4278.75,4294.5,1363248
2022-08-17,4276.75,4315.0,4255.0,4309.25,1638797
2022-08-18,4286.5,4295.5,4258.0,4279.5,1366220
2022-08-19,4231.5,4288.0,4220.75,4287.0,1701251
2022-08-22,4141.25,4221.5,4131.5,4221.0,1724203
2022-08-23,4130.5,4161.75,4118.0,4147.0,1575674
2022-08-24,4142.75,4158.5,4110.75,4128.25,1348612
2022-08-25,4201.0,4202.75,4143.0,4148.75,1635476
2022-08-26,4059.5,4217.25,4042.75,4198.25,2241117
2022-08-29,4031.25,4064.0,4006.75,4024.0,1963446
2022-08-30,3987.5,4072.75,3964.5,4035.75,2555455
2022-08-31,3956.5,4018.25,3953.0,3987.25,2366488
2022-09-01,3968.75,3971.25,3903.5,3958.0,2212034
2022-09-02,3924.5,4019.25,3906.0,3967.5,2510355
2022-09-06,3910.5,3963.25,3886.75,3929.0,2360326
2022-09-07,3980.0,3988.75,3883.5,3907.5,1956209
2022-09-08,4005.5,4011.5,3942.75,3980.0,2356008
2022-09-09,4067.25,4077.25,4005.75,4010.25,1677890
2022-09-12,4110.75,4119.75,4062.25,4077.25,1718859
2022-09-13,3931.25,4158.0,3919.75,4118.25,1418271
2022-09-14,3947.5,3962.75,3911.25,3936.75,662596
2022-09-15,3902.0,3959.5,3888.0,3955.0,438921
2022-09-16,3871.239990234375,3888.5,3846.0,3888.5,2688630
2022-09-19,3917.25,3927.0,3846.25,3889.5,2100098
2022-09-20,3872.75,3936.25,3843.25,3923.0,2357296
2022-09-21,3806.25,3925.25,3792.0,3878.75,2440206
2022-09-22,3772.0,3833.0,3763.5,3794.0,2578314
2022-09-23,3709.0,3783.25,3660.25,3777.25,2913560
2022-09-26,3670.0,3730.5,3657.5,3705.25,2899415
2022-09-27,3661.0,3733.0,3635.25,3668.0,2963065
2022-09-28,3732.0,3751.25,3613.0,3668.5,2780935
2022-09-29,3654.25,3736.0,3622.0,3730.25,2860631
2022-09-30,3601.5,3693.75,3595.25,3656.5,2976179
2022-10-03,3690.25,3711.75,3571.75,3593.25,2315515
2022-10-04,3803.25,3808.75,3686.25,3696.5,2381497
2022-10-05,3794.0,3820.0,3734.0,3801.0,2089198
2022-10-06,3756.75,3819.5,3750.0,3795.75,2157569
2022-10-07,3653.25,3770.5,3632.5,3745.75,2238683
2022-10-10,3625.25,3667.5,3600.0,3638.75,2024447
2022-10-11,3599.25,3653.25,3579.0,3624.75,2398140
2022-10-12,3588.5,3635.25,3585.5,3607.0,1948173
2022-10-13,3681.75,3697.75,3502.0,3596.25,3288646
2022-10-14,3597.5,3733.75,3591.25,3680.25,2730405
2022-10-17,3689.25,3702.5,3590.5,3591.0,1951998
2022-10-18,3732.75,3777.25,3697.25,3706.25,2746886
2022-10-19,3707.25,3774.25,3676.75,3759.75,2348844
2022-10-20,3675.25,3748.0,3666.25,3708.0,2403705
2022-10-21,3764.0,3773.25,3641.5,3677.75,2681019
2022-10-24,3809.25,3822.0,3736.5,3771.0,2109780
2022-10-25,3870.25,3874.25,3790.0,3803.25,1836723
2022-10-26,3841.0,3897.5,3824.25,3841.0,2118534
2022-10-27,3819.5,3870.75,3757.5,3844.25,2211786
2022-10-28,3911.25,3924.25,3776.75,3798.25,2084386
2022-10-31,3883.0,3914.75,3872.25,3911.5,2002625
2022-11-01,3866.0,3928.0,3852.5,3884.0,1895614
2022-11-02,3768.75,3907.0,3760.25,3863.0,2210708
2022-11-03,3727.75,3782.5,3704.25,3766.75,1887557
2022-11-04,3779.5,3805.5,3711.0,3724.0,2494788
2022-11-07,3815.25,3821.75,3738.25,3750.0,1483146
2022-11-08,3835.25,3867.0,3792.75,3812.75,1878046
2022-11-09,3755.5,3848.75,3750.0,3832.5,1889153
2022-11-10,3961.0,3973.5,3751.5,3757.0,2408104
2022-11-11,4000.25,4009.75,3951.0,3973.0,1927068
2022-11-14,3966.0,4017.5,3964.0,3984.0,1592615
2022-11-15,3999.5,4050.75,3960.0,3974.75,2230543
2022-11-16,3968.5,4015.75,3962.0,3992.0,1502501
2022-11-17,3955.25,3990.25,3912.5,3977.25,1560808
2022-11-18,3974.0,3994.0,3942.5,3960.5,1534155
2022-11-21,3958.0,3982.0,3937.5,3972.5,1178421
2022-11-22,4010.25,4012.5,3945.25,3957.75,1161999
2022-11-23,4033.0,4039.5,4002.0,4010.0,1281153
2022-11-25,4032.5,4049.25,4024.75,4038.75,608795
2022-11-28,3970.25,4024.0,3960.25,4020.25,1481503
2022-11-29,3962.0,3990.25,3941.25,3972.0,1500171
2022-11-30,4081.25,4093.5,3942.75,3962.25,2479997
2022-12-01,4081.75,4110.0,4054.5,4094.5,1834073
2022-12-02,4075.5,4085.5,4006.75,4077.5,1849784
2022-12-05,4003.25,4075.75,3987.25,4074.0,1497688
2022-12-06,3945.0,4014.75,3921.5,4005.75,1869101
2022-12-07,3936.75,3961.5,3914.0,3944.5,1756473
2022-12-08,3965.75,3977.25,3916.0,3935.75,1708915
2022-12-09,3936.25,3990.0,3930.0,3964.75,1739761
2022-12-12,3991.75,3992.75,3924.5,3933.0,1619977
2022-12-13,4022.25,4145.0,3985.0,3989.25,1419560
2022-12-14,3998.0,4073.0,3965.25,4021.75,712439
2022-12-15,3897.0,4010.25,3878.5,4004.25,560669
2022-12-16,3871.469970703125,3904.25,3842.0,3890.5,1965701
2022-12-19,3845.5,3899.0,3827.25,3874.0,1405774
2022-12-20,3849.25,3866.5,3803.5,3842.75,1541868
2022-12-21,3905.75,3918.75,3855.5,3857.25,1522069
2022-12-22,3849.25,3919.75,3788.5,3915.0,1842326
2022-12-23,3869.75,3872.5,3821.25,3850.0,1374913
2022-12-27,3855.0,3900.5,3837.25,3878.0,1006414
2022-12-28,3807.5,3875.0,3804.5,3858.0,1282810
2022-12-29,3871.75,3882.75,3806.25,3811.0,1146984
2022-12-30,3861.0,3871.0,3821.5,3869.75,1401810
2023-01-03,3846.0,3906.75,3814.5,3895.0,1782473
2023-01-04,3874.5,3896.25,3836.5,3842.75,1912155
2023-01-05,3829.0,3885.5,3822.5,3871.0,1679973
2023-01-06,3915.5,3928.75,3819.0,3833.0,2026154
2023-01-09,3913.75,3973.25,3909.75,3918.5,1697887
2023-01-10,3940.75,3943.75,3891.5,3914.5,1520955
2023-01-11,3990.0,3992.5,3934.5,3941.0,1398769
2023-01-12,4003.5,4021.5,3954.0,3991.75,2102587
2023-01-13,4018.25,4024.25,3961.75,4003.0,1456784
2023-01-17,4009.5,4035.25,3996.75,4020.0,1423931
2023-01-18,3945.75,4033.5,3943.75,4008.5,1902551
2023-01-19,3915.5,3948.75,3901.75,3945.25,1896890
2023-01-20,3988.5,3990.5,3911.75,3925.0,1620355
2023-01-23,4036.5,4056.75,3980.25,3987.0,1594736
2023-01-24,4032.75,4047.5,4005.25,4036.5,1472856
2023-01-25,4032.0,4040.5,3963.25,4039.0,1760515
2023-01-26,4075.5,4077.0,4027.25,4031.0,1613804
2023-01-27,4084.25,4109.25,4057.25,4065.0,1587936
2023-01-30,4032.5,4086.0,4029.5,4077.0,1786112
2023-01-31,4090.0,4091.25,4007.5,4039.25,1790751
2023-02-01,4132.25,4163.25,4048.5,4085.75,2000400
2023-02-02,4191.5,4208.5,4136.75,4145.5,2290729
2023-02-03,4147.75,4194.0,4132.5,4176.0,2354996
2023-02-06,4123.5,4143.0,4104.0,4134.25,1560324
2023-02-07,4175.75,4188.25,4098.25,4123.5,2180936
2023-02-08,4130.5,4179.25,4121.25,4167.25,1804101
2023-02-09,4091.75,4170.25,4078.25,4132.25,1828571
2023-02-10,4099.75,4104.25,4060.75,4098.0,1744956
2023-02-13,4147.25,4150.75,4078.75,4105.0,1376325
2023-02-14,4145.5,4186.5,4103.75,4149.75,2379034
2023-02-15,4158.25,4161.75,4113.0,4141.25,1611550
2023-02-16,4099.75,4168.5,4095.0,4159.0,2042993
2023-02-17,4087.5,4096.0,4055.75,4095.5,2008448
2023-02-21,4005.75,4089.25,4002.0,4083.0,1883040
2023-02-22,3999.0,4025.0,3983.75,4007.5,1925300
2023-02-23,4018.75,4034.25,3974.25,4010.0,1955820
2023-02-24,3975.75,4023.25,3947.5,4015.25,2063242
2023-02-27,3988.0,4024.75,3973.0,3976.5,1621961
2023-02-28,3975.5,4003.75,3965.0,3991.5,1847930
2023-03-01,3956.5,3991.0,3943.0,3968.5,2042321
2023-03-02,3984.75,3995.25,3925.0,3959.75,1836555
2023-03-03,4049.75,4053.0,3974.0,3983.0,1665102
2023-03-06,4052.5,4082.5,4041.75,4049.25,1528845
2023-03-07,3989.75,4064.5,3982.5,4053.75,2141615
2023-03-08,3995.0,4003.25,3971.5,3990.0,1831712
2023-03-09,3920.0,4019.75,3909.5,3997.0,2547423
2023-03-10,3862.75,3941.75,3846.25,3919.0,3285811
2023-03-13,3856.75,3938.75,3808.75,3887.75,2750477
2023-03-14,3920.5,3938.0,3855.25,3865.75,1606509
2023-03-15,3892.75,3931.0,3834.0,3920.5,833643
2023-03-16,3960.5,3966.5,3863.25,3892.75,466914
2023-03-17,3957.050048828125,3974.0,3923.0,3962.25,2224268
2023-03-20,3983.0,3989.5,3897.25,3963.75,1818807
2023-03-21,4035.75,4043.25,3981.75,3986.5,1531670
2023-03-22,3970.5,4073.75,3966.25,4038.75,1802929
2023-03-23,3978.0,4039.5,3948.5,3972.75,2236954
2023-03-24,4001.25,4010.75,3937.0,3988.75,1944981
2023-03-27,4007.25,4034.25,3997.5,4008.0,1304572
2023-03-28,4001.5,4023.75,3980.75,4013.5,1224495
2023-03-29,4057.5,4061.25,4006.0,4006.5,1389352
2023-03-30,4080.0,4087.75,4052.5,4058.0,1328529
2023-03-31,4137.75,4142.5,4078.0,4081.0,1695840
2023-04-03,4153.75,4157.75,4122.75,4127.0,1380286
2023-04-04,4129.0,4171.75,4115.25,4152.5,1582414
2023-04-05,4117.25,4135.5,4099.0,4134.0,1470176
2023-04-06,4132.0,4135.25,4096.5,4113.75,73009
2023-04-10,4136.25,4143.0,4098.75,4139.0,1167715
2023-04-11,4136.5,4151.75,4128.75,4138.5,1221824
2023-04-12,4119.0,4177.75,4113.5,4137.5,1853671
2023-04-13,4172.75,4177.0,4110.25,4117.5,1458785
2023-04-14,4163.75,4189.0,4138.0,4168.75,1882896
2023-04-17,4176.75,4180.5,4148.0,4174.25,1298123
2023-04-18,4180.0,4198.25,4164.5,4177.0,1427797
2023-04-19,4178.5,4187.5,4150.5,4176.0,1292622
2023-04-20,4152.5,4173.5,4137.0,4172.25,1768379
2023-04-21,4156.75,4161.0,4135.25,4153.75,1645161
2023-04-24,4159.5,4164.25,4133.5,4150.0,1328041
2023-04-25,4093.25,4158.5,4091.5,4157.25,1770908
2023-04-26,4076.0,4116.25,4068.75,4110.25,1814741
2023-04-27,4153.75,4166.5,4080.75,4085.5,1686692
2023-04-28,4188.5,4193.75,4131.5,4151.0,1753803
2023-05-01,4185.75,4206.25,4178.5,4190.0,1240490
2023-05-02,4136.75,4191.5,4105.5,4179.5,2034176
2023-05-03,4107.5,4167.0,4095.0,4133.25,1658392
2023-05-04,4075.75,4118.0,4062.25,4087.0,1994772
2023-05-05,4150.25,4163.25,4076.75,4077.25,1545895
2023-05-08,4152.75,4161.0,4137.5,4151.0,1026014
2023-05-09,4134.0,4153.0,4131.0,4150.5,1000924
2023-05-10,4152.0,4173.25,4112.25,4133.0,1887587
2023-05-11,4143.75,4168.5,4121.5,4152.75,1473383
2023-05-12,4138.0,4164.5,4111.75,4144.5,1434601
2023-05-15,4150.0,4156.25,4123.0,4132.25,1179165
2023-05-16,4123.0,4151.5,4120.0,4148.25,1316691
2023-05-17,4171.5,4179.0,4122.0,4126.0,1584910
2023-05-18,4212.0,4215.75,4161.25,4171.25,1760668
2023-05-19,4204.75,4227.25,4191.5,4215.5,1713351
2023-05-22,4205.0,4221.75,4186.5,4189.0,1302845
2023-05-23,4158.75,4222.75,4153.0,4207.5,1685056
2023-05-24,4126.0,4166.25,4114.0,4158.0,1911903
2023-05-25,4159.75,4175.5,4131.5,4157.0,1966626
2023-05-26,4213.25,4221.25,4146.0,4157.0,1744425
2023-05-30,4215.0,4243.25,4200.0,4239.75,1957579
2023-05-31,4190.5,4217.75,4174.0,4213.0,2138566
2023-06-01,4228.0,4239.75,4178.0,4188.5,1868363
2023-06-02,4288.0,4297.75,4229.0,4231.75,1955603
2023-06-05,4281.0,4305.75,4273.0,4288.0,1668759
2023-06-06,4289.75,4294.75,4268.5,4279.75,1548125
2023-06-07,4274.25,4304.75,4269.25,4292.25,1925195
2023-06-08,4298.25,4302.5,4262.75,4273.25,1664333
2023-06-09,4304.75,4325.5,4284.0,4297.75,2176645
2023-06-12,4342.75,4346.5,4305.25,4306.5,1665175
2023-06-13,4371.75,4377.75,4335.75,4345.0,1317118
2023-06-14,4374.25,4394.75,4339.75,4372.0,758316
2023-06-15,4426.5,4441.0,4350.0,4378.75,486414
2023-06-16,4453.35009765625,4453.35009765625,4415.25,4424.75,1895105
2023-06-20,4434.75,4462.0,4410.5,4458.0,1540416
2023-06-21,4409.25,4438.5,4403.5,4430.25,1468258
2023-06-22,4423.75,4427.0,4393.0,4410.0,1384002
2023-06-23,4389.0,4426.25,4381.5,4425.75,1550992
2023-06-26,4370.25,4403.0,4368.5,4390.0,1622416
2023-06-27,4418.75,4424.75,4371.5,4375.75,1512256
2023-06-28,4417.5,4430.25,4399.25,4414.0,1689461
2023-06-29,4435.75,4438.0,4409.75,4423.75,1628750
2023-06-30,4488.25,4498.0,4433.0,4435.25,1774940
2023-07-03,4492.25,4494.0,4479.5,4485.5,641289
2023-07-05,4483.75,4493.75,4466.25,4492.0,1193759
2023-07-06,4447.0,4483.5,4419.5,4481.75,1741520
2023-07-07,4434.0,4476.0,4431.5,4441.25,1691644
2023-07-10,4444.25,4448.25,4411.25,4437.5,1361155
2023-07-11,4473.5,4478.5,4439.0,4445.75,1340232
2023-07-12,4507.5,4523.75,4470.0,4471.0,1784296
2023-07-13,4543.5,4551.5,4509.25,4510.5,1158193
2023-07-14,4536.75,4560.5,4531.0,4539.5,1381069
2023-07-17,4553.75,4565.75,4528.0,4536.0,1057965
2023-07-18,4587.75,4594.5,4544.75,4550.25,1301460
2023-07-19,4597.0,4609.25,4582.25,4582.75,1538747
2023-07-20,4565.5,4594.25,4557.25,4593.25,1527727
2023-07-21,4564.75,4590.0,4561.75,4566.25,1432643
2023-07-24,4583.5,4592.5,4560.0,4564.25,1203661
2023-07-25,4596.0,4608.75,4579.25,4584.5,1219737
2023-07-26,4595.25,4610.75,4573.75,4604.75,1372426
2023-07-27,4564.25,4634.5,4553.75,4594.75,1924565
2023-07-28,4606.5,4616.5,4558.0,4566.0,1573973
2023-07-31,4614.5,4619.25,4595.25,4608.75,1299434
2023-08-01,4601.25,4621.75,4591.0,4617.75,1212261
2023-08-02,4537.25,4593.5,4527.75,4580.0,1917865
2023-08-03,4521.75,4547.5,4505.75,4534.25,1764076
2023-08-04,4498.0,4560.75,4493.75,4523.5,2044936
2023-08-07,4537.75,4541.75,4500.5,4500.5,1397301
2023-08-08,4518.5,4541.0,4482.0,4539.5,1696546
2023-08-09,4485.75,4536.25,4478.25,4516.5,1640285
2023-08-10,4485.75,4544.75,4473.5,4493.25,2227022
2023-08-11,4480.75,4496.25,4459.0,4487.75,1511048
2023-08-14,4506.0,4507.75,4465.0,4485.0,1277132
2023-08-15,4454.0,4517.75,4447.0,4505.75,1492516
2023-08-16,4420.0,4467.25,4417.0,4453.25,1499218
2023-08-17,4384.5,4436.75,4377.75,4420.5,1630481
2023-08-18,4382.75,4396.0,4350.0,4379.25,1746289
2023-08-21,4412.5,4421.0,4372.25,4382.5,1361470
2023-08-22,4399.25,4440.0,4394.25,4410.25,1375651
2023-08-23,4447.0,4476.25,4399.5,4400.0,1306640
2023-08-24,4386.0,4485.5,4378.5,4470.5,1783795
2023-08-25,4414.25,4429.0,4365.25,4384.5,1853335
2023-08-28,4442.25,4449.5,4414.5,4418.0,1266414
2023-08-29,4506.75,4509.5,4433.5,4444.0,1444714
2023-08-30,4524.25,4530.75,4496.25,4508.75,1397669
2023-08-31,4516.0,4541.25,4512.75,4527.0,1395751
2023-09-01,4521.5,4547.75,4507.25,4516.75,1416762
2023-09-05,4502.5,4531.25,4499.25,4521.25,1391805
2023-09-06,4471.5,4503.75,4447.0,4500.0,1600128
2023-09-07,4456.25,4471.75,4434.25,4469.5,1602226
2023-09-08,4461.75,4477.5,4443.0,4458.25,1686158
2023-09-11,4490.25,4493.5,4459.25,4463.5,1714266
2023-09-12,4465.0,4491.0,4458.75,4487.75,1153961
2023-09-13,4468.75,4481.0,4446.75,4464.5,690872
2023-09-14,4506.0,4513.0,4470.25,4471.75,454906
2023-09-15,4491.72021484375,4517.75,4480.0,4508.0,1825966
2023-09-18,4501.5,4514.5,4487.0,4499.5,1155158
2023-09-19,4490.0,4509.5,4462.25,4503.25,1422950
2023-09-20,4447.0,4508.0,4443.25,4491.25,1482206
2023-09-21,4372.0,4447.0,4366.5,4445.0,1998638
2023-09-22,4361.0,4399.0,4357.25,4370.25,1736576
2023-09-25,4378.75,4383.5,4338.25,4365.0,1561595
2023-09-26,4314.75,4382.0,4305.5,4382.0,1758048
2023-09-27,4313.5,4336.5,4277.0,4320.25,1965913
2023-09-28,4337.5,4355.75,4301.0,4323.25,2012088
2023-09-29,4325.5,4371.25,4311.0,4342.0,2106053
2023-10-02,4324.25,4355.5,4295.5,4349.0,1950463
2023-10-03,4264.75,4335.75,4251.25,4326.0,2256808
2023-10-04,4297.75,4304.0,4235.5,4262.75,2168271
2023-10-05,4290.75,4302.0,4258.0,4291.5,1673477
2023-10-06,4341.5,4358.5,4242.25,4287.5,2216456
2023-10-09,4368.75,4375.75,4299.5,4315.0,1485254
2023-10-10,4391.5,4419.0,4366.25,4368.75,1610271
2023-10-11,4409.75,4419.75,4377.25,4392.0,1489644
2023-10-12,4380.5,4430.5,4355.5,4417.75,1881573
2023-10-13,4357.25,4407.75,4340.75,4380.75,2159101
2023-10-16,4401.0,4414.25,4354.5,4356.75,1668948
2023-10-17,4401.75,4423.25,4365.75,4406.25,1879736
2023-10-18,4342.25,4399.25,4330.75,4398.0,2271572
2023-10-19,4303.0,4366.5,4292.75,4346.5,2741942
2023-10-20,4248.5,4304.25,4243.5,4295.0,2328806
2023-10-23,4241.75,4280.75,4213.25,4256.25,1963670
2023-10-24,4271.25,4290.5,4242.0,4250.25,1807092
2023-10-25,4209.75,4273.5,4203.75,4269.5,1981633
2023-10-26,4156.5,4205.0,4146.25,4202.0,2419407
2023-10-27,4137.75,4185.0,4122.25,4167.0,2195767
2023-10-30,4185.75,4197.5,4143.5,4148.0,1904610
2023-10-31,4212.25,4215.0,4166.75,4184.25,1836212
2023-11-01,4256.0,4264.75,4191.25,4205.0,2027080
2023-11-02,4335.75,4339.75,4257.75,4258.5,1819596
2023-11-03,4376.0,4391.75,4325.5,4327.5,1803552
2023-11-06,4384.25,4389.5,4364.25,4379.25,1348878
2023-11-07,4396.0,4403.25,4366.0,4380.0,1371257
2023-11-08,4399.5,4407.75,4375.0,4397.5,1390288
2023-11-09,4362.25,4413.0,4357.75,4393.25,1972630
2023-11-10,4430.5,4435.5,4354.25,4364.5,1752002
2023-11-13,4425.25,4436.75,4407.25,4425.75,1276182
2023-11-14,4511.0,4524.25,4420.25,4427.25,1901847
2023-11-15,4519.25,4541.25,4510.75,4515.5,1573452
2023-11-16,4523.25,4529.5,4501.75,4514.25,1491734
2023-11-17,4527.5,4539.5,4512.75,4527.75,1331912
2023-11-20,4562.25,4571.0,4520.0,4526.75,1220790
2023-11-21,4551.25,4567.0,4536.75,4561.75,1101669
2023-11-22,4567.25,4580.5,4543.0,4547.75,1403636
2023-11-23,4569.5,4572.75,4562.0,4564.0,1403636
2023-11-24,4568.25,4574.0,4562.0,4564.0,572702
2023-11-27,4561.0,4570.0,4552.0,4568.5,1124213
2023-11-28,4563.0,4577.25,4547.0,4561.5,1441119
2023-11-29,4559.25,4597.0,4555.5,4564.0,1592398
2023-11-30,4576.75,4579.5,4544.75,4562.25,2056268
2023-12-01,4600.75,4607.75,4562.5,4571.75,1914151
2023-12-04,4576.5,4604.5,4553.5,4603.25,1818991
2023-12-05,4575.0,4585.5,4555.5,4573.0,1890825
2023-12-06,4556.0,4598.5,4552.0,4573.25,1837961
2023-12-07,4589.5,4596.0,4548.75,4556.0,1832361
2023-12-08,4607.5,4613.75,4561.75,4586.5,2289425
2023-12-11,4626.0,4627.25,4599.5,4607.75,1663229
2023-12-12,4645.75,4649.75,4610.5,4625.0,1052077
2023-12-13,4708.25,4711.75,4645.0,4649.0,739684
2023-12-14,4721.75,4739.25,4694.25,4708.0,560819
2023-12-15,4694.27001953125,4736.5,4694.27001953125,4716.0,1801823
2023-12-18,4793.0,4802.25,4769.5,4770.5,1139029
2023-12-19,4820.25,4821.5,4787.75,4790.5,1122973
2023-12-20,4749.75,4830.75,4743.25,4818.5,1749145
2023-12-21,4796.75,4798.25,4751.0,4751.0,1687065
2023-12-22,4805.25,4821.75,4784.75,4795.75,1326697
2023-12-26,4825.0,4834.5,4800.25,4800.25,688201
2023-12-27,4833.5,4836.5,4816.5,4827.75,1042284
2023-12-28,4832.25,4841.5,4828.0,4834.5,927035
2023-12-29,4820.0,4841.0,4796.75,4834.75,1281733
2024-01-02,4787.25,4828.0,4765.5,4818.0,1678142
2024-01-03,4746.5,4790.75,4741.0,4790.75,1707174
2024-01-04,4729.5,4766.5,4727.0,4750.0,1395366
2024-01-05,4734.75,4760.25,4702.0,4732.75,1767245
2024-01-08,4801.25,4803.25,4715.25,4735.75,1417728
2024-01-09,4792.75,4804.0,4767.5,4797.75,1369103
2024-01-10,4820.25,4828.5,4786.0,4790.75,1377780
2024-01-11,4815.5,4838.0,4772.75,4820.5,1795564
2024-01-12,4816.5,4836.5,4791.5,4811.25,1519899
2024-01-16,4798.5,4823.0,4779.5,4812.0,1905532
2024-01-17,4771.25,4800.75,4746.25,4799.75,1663328
2024-01-18,4811.25,4817.0,4763.5,4768.0,1746936
2024-01-19,4869.5,4874.25,4808.5,4811.25,1876757
2024-01-22,4881.0,4898.25,4872.5,4872.5,1356050
2024-01-23,4895.0,4902.0,4874.25,4881.75,1130749
2024-01-24,4898.0,4933.25,4889.0,4900.25,1586824
2024-01-25,4923.25,4926.5,4893.25,4899.5,1532026
2024-01-26,4916.25,4934.25,4898.5,4919.25,1363612
2024-01-29,4954.5,4956.0,4901.75,4908.75,1197989
2024-01-30,4951.0,4957.25,4933.0,4950.25,1157425
2024-01-31,4870.5,4938.0,4866.0,4930.25,2285993
2024-02-01,4928.5,4963.75,4872.5,4874.5,1835510
2024-02-02,4980.25,4997.75,4925.75,4952.75,1957796
2024-02-05,4962.0,4980.75,4937.75,4976.0,1504676
2024-02-06,4974.75,4978.25,4954.5,4959.5,1267419
2024-02-07,5015.25,5020.0,4970.0,4971.5,1336172
2024-02-08,5017.75,5020.0,5003.75,5015.75,997431
2024-02-09,5044.0,5048.5,5013.0,5014.5,1212336
2024-02-12,5041.25,5066.5,5031.5,5042.5,1141487
2024-02-13,4971.25,5040.0,4936.5,5034.0,2112726
2024-02-14,5018.0,5022.5,4968.75,4974.25,1632071
2024-02-15,5046.5,5051.75,5011.0,5017.5,1361757
2024-02-16,5019.75,5059.25,5012.75,5049.5,1527729
2024-02-20,4991.5,5029.5,4968.25,5016.5,1609827
2024-02-21,4996.25,5020.5,4959.0,4990.0,1485687
2024-02-22,5097.75,5107.75,5015.25,5016.0,1738869
2024-02-23,5101.5,5123.5,5092.0,5094.25,1340050
2024-02-26,5080.25,5108.0,5076.25,5095.0,1094682
2024-02-27,5090.0,5093.0,5067.0,5077.5,1026819
2024-02-28,5081.0,5091.25,5063.25,5090.75,1201011
2024-02-29,5103.75,5114.5,5060.0,5072.0,1790702
2024-03-01,5146.0,5149.25,5089.25,5101.5,1597331
2024-03-04,5138.25,5157.75,5132.0,5142.0,1208040
2024-03-05,5085.75,5135.5,5063.0,5133.75,1885769
2024-03-06,5111.75,5134.5,5083.75,5091.0,1996223
2024-03-07,5161.75,5170.5,5086.5,5114.25,1791666
2024-03-08,5129.0,5193.0,5121.75,5159.25,2786680
2024-03-11,5123.0,5133.25,5094.75,5132.5,1840000
2024-03-12,5177.25,5183.0,5112.75,5129.0,1211911
2024-03-13,5168.0,5183.75,5153.0,5176.0,540170
2024-03-14,5153.75,5189.5,5124.25,5171.5,476074
2024-03-15,5101.669921875,5167.0,5101.669921875,5152.25,1927775
2024-03-18,5214.75,5240.25,5181.75,5185.75,1377276
2024-03-19,5241.75,5244.75,5186.0,5215.25,1440289
2024-03-20,5286.75,5297.75,5233.0,5239.75,1404974
2024-03-21,5302.5,5322.75,5293.5,5294.75,1326994
2024-03-22,5293.25,5311.75,5287.75,5306.75,1162606
2024-03-25,5278.25,5295.0,5272.5,5290.5,920608
2024-03-26,5265.25,5300.5,5263.0,5280.75,1092706
2024-03-27,5308.25,5313.75,5270.75,5273.25,1487671
2024-03-28,5308.5,5321.0,5301.0,5308.0,1317836
2024-04-01,5295.25,5333.5,5282.25,5314.25,1125234
2024-04-02,5260.5,5296.0,5235.0,5294.5,1426691
2024-04-03,5266.5,5280.75,5244.5,5262.5,1402981
2024-04-04,5197.25,5308.5,5192.5,5270.75,1941274
2024-04-05,5253.0,5272.5,5191.5,5199.75,1908306
2024-04-08,5253.25,5269.25,5236.5,5263.25,1167648
2024-04-09,5260.25,5274.25,5208.25,5258.0,1651973
2024-04-10,5207.75,5285.0,5176.5,5264.25,2369864
2024-04-11,5243.25,5257.5,5173.5,5202.0,1762470
2024-04-12,5167.5,5248.75,5150.0,5244.0,2005106
2024-04-15,5104.0,5213.25,5094.0,5166.5,2226105
2024-04-16,5092.5,5123.25,5078.75,5101.25,2098015
2024-04-17,5062.25,5120.5,5047.0,5096.25,1928645
2024-04-18,5049.0,5095.25,5038.5,5063.0,1701401
2024-04-19,5003.75,5058.0,4963.5,5047.25,2357143
2024-04-22,5047.5,5076.75,5006.0,5014.25,1584393
2024-04-23,5106.5,5113.5,5037.75,5051.0,1357493
2024-04-24,5107.5,5128.75,5072.25,5115.25,1512469
2024-04-25,5082.25,5132.75,5022.25,5070.0,1887635
2024-04-26,5131.5,5146.5,5104.5,5132.0,1455855
2024-04-29,5147.0,5154.25,5118.75,5140.25,1163440
2024-04-30,5067.0,5148.5,5051.0,5148.5,1675335
2024-05-01,5046.5,5126.75,5037.75,5050.0,1955160
2024-05-02,5091.5,5113.0,5036.25,5057.0,1573131
2024-05-03,5154.75,5166.75,5099.25,5110.25,1604172
2024-05-06,5206.5,5207.75,5155.75,5166.75,1019307
2024-05-07,5213.75,5226.75,5202.25,5204.75,1106457
2024-05-08,5212.75,5218.0,5188.75,5211.75,1013418
2024-05-09,5239.0,5244.75,5195.0,5209.25,1094931
2024-05-10,5246.25,5264.0,5232.75,5240.75,1112925
2024-05-13,5245.5,5264.0,5233.25,5240.5,922763
2024-05-14,5269.5,5274.25,5216.75,5241.75,1252615
2024-05-15,5333.0,5337.25,5266.25,5268.5,1391029
2024-05-16,5320.25,5349.0,5315.5,5331.5,1207843
2024-05-17,5327.25,5328.75,5305.75,5318.25,1052765
2024-05-20,5331.75,5348.25,5323.75,5329.25,1031456
2024-05-21,5345.25,5347.5,5322.5,5331.75,1011849
2024-05-22,5328.0,5349.25,5306.75,5343.5,1257477
2024-05-23,5285.25,5368.25,5273.5,5339.0,2012153
2024-05-24,5321.5,5329.25,5285.75,5285.75,1264244
2024-05-28,5324.75,5339.0,5296.75,5321.75,1387872
2024-05-29,5284.0,5324.0,5268.25,5323.75,1445855
2024-05-30,5253.0,5277.0,5238.25,5270.5,1495148
2024-05-31,5295.5,5307.0,5205.5,5250.5,2452894
2024-06-03,5297.25,5313.25,5246.75,5299.5,1785532
2024-06-04,5304.0,5312.25,5262.0,5300.25,1679093
2024-06-05,5366.0,5368.25,5302.5,5305.0,1450596
2024-06-06,5364.0,5373.25,5345.25,5367.75,1228240
2024-06-07,5355.75,5385.5,5329.0,5362.0,1591439
2024-06-10,5371.25,5375.75,5338.25,5351.5,1185881
2024-06-11,5384.0,5386.25,5334.5,5369.75,1413433
2024-06-12,5427.5,5454.5,5380.0,5384.5,1899786
2024-06-13,5438.5,5452.75,5408.5,5436.25,1682858
2024-06-14,5437.5,5443.0,5397.75,5436.0,1789793
2024-06-17,5478.5,5494.0,5424.75,5435.5,1589643
2024-06-18,5491.0,5494.0,5473.5,5480.25,820053
2024-06-20,5476.75,5518.5,5458.5,5492.75,571332
2024-06-21,5471.89013671875,5483.75,5460.5,5477.0,1392213
2024-06-24,5517.0,5558.5,5510.25,5538.5,1410359
2024-06-25,5537.0,5539.75,5511.0,5516.0,1141183
2024-06-26,5543.5,5551.75,5516.25,5535.0,1197372
2024-06-27,5546.0,5555.0,5515.75,5533.0,1257121
2024-06-28,5521.5,5585.0,5510.75,5548.25,1855777
2024-07-01,5533.75,5541.0,5504.5,5534.25,1432355
2024-07-02,5568.75,5569.75,5502.75,5533.5,1315097
2024-07-03,5590.25,5595.75,5559.75,5563.75,808966
2024-07-05,5621.5,5626.0,5585.0,5591.0,1233173
2024-07-08,5625.25,5637.5,5610.75,5612.0,981186
2024-07-09,5631.25,5645.75,5626.25,5627.75,1063568
2024-07-10,5688.0,5690.5,5630.75,5631.75,1200224
2024-07-11,5639.75,5707.75,5630.0,5684.25,1970766
2024-07-12,5664.75,5708.25,5621.25,5638.5,1684437
2024-07-15,5683.0,5718.75,5665.5,5681.0,1701349
2024-07-16,5717.25,5721.25,5673.0,5688.75,1485113
2024-07-17,5639.0,5717.75,5631.75,5715.0,2059862
2024-07-18,5594.5,5664.0,5570.25,5644.0,2528379
2024-07-19,5553.75,5607.5,5542.0,5602.5,2106581
2024-07-22,5610.75,5616.0,5553.5,5564.5,1671918
2024-07-23,5599.25,5629.75,5587.75,5607.75,1385653
2024-07-24,5472.0,5585.0,5462.0,5585.0,2178690
2024-07-25,5441.25,5533.25,5432.5,5482.5,2888086
2024-07-26,5499.0,5528.25,5445.25,5446.0,1977698
2024-07-29,5503.0,5534.5,5481.0,5496.5,1697647
2024-07-30,5472.5,5527.5,5433.0,5504.5,2053956
2024-07-31,5558.0,5588.5,5451.5,5454.75,2156505
2024-08-01,5480.25,5600.75,5444.75,5574.75,2751690
2024-08-02,5376.0,5473.25,5331.75,5464.25,3239738
2024-08-05,5217.5,5345.5,5120.0,5330.0,3436090
2024-08-06,5266.25,5342.0,5221.75,5250.0,2172067
2024-08-07,5227.5,5359.25,5196.75,5241.5,2247229
2024-08-08,5348.25,5361.0,5182.0,5208.25,1912347
2024-08-09,5370.25,5385.25,5319.5,5348.25,1412017
2024-08-12,5369.75,5396.75,5347.75,5364.25,1219995
2024-08-13,5459.0,5461.25,5367.5,5372.5,1271171
2024-08-14,5477.0,5487.75,5438.75,5457.5,1301826
2024-08-15,5567.5,5571.75,5471.75,5481.25,1440377
2024-08-16,5578.25,5586.25,5536.5,5568.5,1183498
2024-08-19,5630.0,5631.75,5565.25,5584.0,1010612
2024-08-20,5619.75,5643.75,5607.75,5629.5,1020393
2024-08-21,5641.5,5655.25,5613.5,5619.5,1086814
2024-08-22,5594.0,5665.25,5582.75,5642.0,1409474
2024-08-23,5652.5,5662.25,5597.75,5597.75,1415472
2024-08-26,5637.0,5669.0,5619.75,5650.5,1090361
2024-08-27,5644.75,5649.5,5611.5,5630.0,1027658
2024-08-28,5610.25,5650.5,5576.0,5643.75,1381099
2024-08-29,5610.0,5663.75,5561.25,5580.5,1571688
2024-08-30,5661.0,5665.0,5594.25,5618.5,1558874
2024-09-03,5541.75,5669.75,5516.75,5656.25,1910577
2024-09-04,5530.0,5565.0,5506.75,5538.5,1749591
2024-09-05,5512.25,5557.25,5490.0,5527.5,1737210
2024-09-06,5419.5,5532.5,5394.0,5513.0,2377532
2024-09-09,5479.5,5493.0,5405.25,5410.0,2377532
2024-09-10,5504.0,5506.0,5448.25,5488.25,1525620
2024-09-11,5561.25,5567.5,5412.0,5499.25,2309139
2024-09-12,5602.25,5607.0,5540.25,5558.0,1726434
2024-09-13,5629.75,5641.5,5597.25,5598.5,1706322
2024-09-16,5638.0,5641.5,5609.25,5622.75,1588010
2024-09-17,5639.0,5675.5,5617.0,5633.25,1056184
2024-09-18,5620.75,5696.25,5613.75,5639.5,605651
2024-09-19,5717.75,5737.5,5631.5,5631.5,461433
2024-09-20,5699.990234375,5717.25,5699.25,5714.75,1623655
2024-09-23,5776.75,5784.5,5745.25,5762.0,1077941
2024-09-24,5792.0,5794.25,5754.75,5774.0,1181221
2024-09-25,5779.0,5798.75,5768.0,5792.25,1043665
2024-09-26,5804.5,5830.0,5778.25,5783.5,1360026
2024-09-27,5791.25,5821.5,5782.0,5804.25,1280272
2024-09-30,5814.25,5820.25,5756.25,5784.0,1502729
2024-10-01,5759.75,5822.5,5733.0,5807.0,1947177
2024-10-02,5760.25,5773.25,5724.0,5760.25,1250353
2024-10-03,5749.5,5772.75,5725.75,5769.5,1421429
2024-10-04,5800.0,5804.75,5741.0,5745.75,1460645
2024-10-07,5744.75,5808.0,5734.25,5802.0,1211368
2024-10-08,5800.5,5806.75,5725.25,5752.5,1172261
2024-10-09,5841.25,5846.5,5780.75,5799.25,1113875
2024-10-10,5829.0,5844.0,5811.5,5836.0,1116046
2024-10-11,5859.75,5868.25,5816.0,5831.0,1028816
2024-10-14,5908.25,5918.5,5850.0,5854.5,919072
2024-10-15,5862.75,5915.5,5850.0,5914.25,1365310
2024-10-16,5887.0,5892.75,5853.25,5861.0,935721
2024-10-17,5887.0,5927.25,5871.25,5882.75,1236083
2024-10-18,5906.0,5915.5,5876.25,5888.25,952612
2024-10-21,5896.25,5915.5,5865.0,5911.5,1063780
2024-10-22,5892.5,5904.25,5861.25,5900.75,1033296
2024-10-23,5837.75,5893.75,5801.0,5887.25,1468269
2024-10-24,5849.0,5870.0,5822.5,5844.0,1159448
2024-10-25,5846.0,5900.75,5835.0,5853.25,1368245
2024-10-28,5861.5,5884.5,5857.0,5857.0,1017440
2024-10-29,5871.0,5883.75,5837.5,5867.0,1195753
2024-10-30,5852.0,5893.0,5840.25,5883.0,1347170
2024-10-31,5738.5,5844.0,5733.25,5840.0,1973513
2024-11-01,5758.25,5803.75,5732.5,5742.0,1592031
2024-11-04,5743.25,5776.5,5724.25,5741.75,1333685
2024-11-05,5812.25,5823.25,5735.0,5752.25,1198797
2024-11-06,5958.25,5967.0,5814.75,5820.25,2023257
2024-11-07,6003.75,6013.0,5951.0,5963.5,1285585
2024-11-08,6025.25,6040.5,5990.25,6007.75,1184512
2024-11-11,6031.75,6053.25,6013.5,6030.0,1069929
2024-11-12,6013.0,6036.5,5986.75,6029.25,1407120
2024-11-13,6016.0,6035.25,5991.75,6012.25,1445258
2024-11-14,5978.25,6025.25,5964.25,6017.75,1538927
2024-11-15,5896.5,5974.25,5876.75,5972.0,2008339
2024-11-18,5920.0,5933.0,5886.5,5899.75,1332326
2024-11-19,5938.75,5947.5,5855.0,5919.0,1636346
2024-11-20,5937.75,5957.75,5880.0,5937.75,1597257
2024-11-21,5970.5,5985.0,5905.25,5937.25,1867101
2024-11-22,5987.0,5993.5,5940.75,5967.0,1550734
2024-11-25,6006.5,6040.0,5982.5,6006.0,1619917
2024-11-26,6038.25,6044.0,5976.25,6013.25,1336843
2024-11-27,6015.0,6047.0,6000.25,6041.75,1157171
2024-11-29,6051.5,6060.0,6014.75,6015.0,847984
2024-12-02,6061.75,6068.5,6036.0,6051.5,989033
2024-12-03,6063.25,6070.75,6047.5,6064.0,991961
2024-12-04,6098.5,6102.25,6063.0,6067.0,1142137
2024-12-05,6088.75,6107.25,6081.5,6095.25,1118784
2024-12-06,6099.0,6111.0,6076.0,6085.5,1167677
2024-12-09,6065.75,6105.75,6060.0,6096.25,1351194
2024-12-10,6046.25,6075.25,6039.75,6065.25,1350731
2024-12-11,6092.75,6102.5,6045.5,6052.75,1271795
2024-12-12,6060.75,6088.25,6055.5,6087.5,1565731
2024-12-13,6055.5,6085.25,6041.25,6065.0,1996354
2024-12-16,6080.5,6090.5,6051.5,6055.5,1612199
2024-12-17,6053.75,6079.25,6040.75,6077.0,1113325
2024-12-18,5872.25,6074.5,5840.0,6053.5,847452
2024-12-19,5868.75,5938.0,5865.5,5881.75,532081
2024-12-20,5840.259765625,5879.5,5800.75,5879.5,2340873
2024-12-23,6036.0,6043.0,5965.0,6001.75,1406019
2024-12-24,6098.0,6099.5,6030.0,6037.75,634201
2024-12-26,6095.25,6107.5,6063.25,6099.25,911486
2024-12-27,6027.0,6095.25,5982.75,6092.0,1641100
2024-12-30,5958.75,6036.25,5918.25,6028.75,1575134
2024-12-31,5935.75,5983.25,5917.25,5955.0,1382187
2025-01-02,5916.5,5995.25,5874.75,5949.25,1826031
2025-01-03,5989.5,5996.75,5911.25,5921.0,1206570
2025-01-06,6020.5,6068.25,5980.75,5994.5,1547298
2025-01-07,5954.25,6045.5,5935.0,6028.0,1771767
2025-01-08,5959.25,5975.0,5917.0,5955.5,1764315
2025-01-09,5944.75,5957.0,5929.25,5955.0,113831
2025-01-10,5866.25,5959.25,5845.25,5943.75,2130067
2025-01-13,5874.5,5883.25,5809.0,5864.5,1755341
2025-01-14,5882.25,5918.5,5842.5,5887.25,1839961
2025-01-15,5989.0,6001.25,5879.5,5891.5,1657670
2025-01-16,5975.5,6017.5,5961.75,5988.5,1566439
2025-01-17,6033.5,6051.5,5968.0,5970.25,1417304
2025-01-21,6084.25,6093.25,5994.5,6032.25,1725952
2025-01-22,6120.5,6135.75,6087.0,6094.0,1249850
2025-01-23,6152.0,6154.0,6101.5,6120.0,1136009
2025-01-24,6133.25,6162.25,6122.0,6148.0,1254280
2025-01-27,6046.75,6105.25,5948.0,6102.25,2385614
2025-01-28,6097.0,6105.5,6023.5,6059.5,1585216
2025-01-29,6067.5,6111.5,6042.25,6090.75,1552941
2025-01-30,6099.25,6116.25,6056.5,6068.5,1606753
2025-01-31,6067.25,6147.75,6057.75,6106.0,1866467
2025-02-03,6022.25,6062.0,5935.5,5982.25,2314824
2025-02-04,6063.0,6069.0,5987.0,6069.0,1333376
2025-02-05,6086.5,6092.0,6020.25,6042.75,1216433
2025-02-06,6106.0,6108.5,6070.0,6090.25,1179112
2025-02-07,6049.5,6123.25,6041.25,6089.75,1683475
2025-02-10,6088.75,6096.0,6014.0,6016.0,1005560
2025-02-11,6092.25,6098.75,6057.75,6085.5,1017366
2025-02-12,6072.75,6098.0,6020.75,6090.75,1558395
2025-02-13,6135.25,6138.0,6053.5,6079.75,1523953
2025-02-14,6132.0,6146.75,6121.25,6131.75,1018370
2025-02-18,6146.75,6157.75,6118.25,6138.25,1200599
2025-02-19,6163.0,6166.5,6129.25,6143.75,1078997
2025-02-20,6136.5,6159.5,6102.75,6153.75,1405343
2025-02-21,6029.0,6142.5,6024.5,6132.5,1940563
2025-02-24,6000.75,6067.5,5994.5,6040.75,1797847
2025-02-25,5970.0,6016.0,5924.0,6006.5,2215332
2025-02-26,5970.75,6023.75,5945.5,5982.0,1901306
2025-02-27,5876.25,6014.5,5873.0,5980.0,2579895
2025-02-28,5963.25,5971.0,5848.0,5883.0,2784347
2025-03-03,5860.75,6000.5,5821.75,5967.5,2610882
2025-03-04,5789.5,5884.0,5744.0,5874.0,3353551
2025-03-05,5851.25,5869.5,5750.75,5832.0,2284032
2025-03-06,5746.25,5853.5,5720.0,5844.75,2553819
2025-03-07,5776.0,5791.0,5673.0,5766.0,2315005
2025-03-10,5620.75,5757.75,5571.5,5753.0,2590102
2025-03-11,5577.0,5651.75,5534.0,5622.0,2623963
2025-03-12,5604.75,5675.0,5550.25,5580.0,2004740
2025-03-13,5527.5,5623.0,5509.25,5596.5,2163776
2025-03-14,5640.0,5648.75,5538.75,5540.0,2191954
2025-03-17,5680.25,5707.5,5599.0,5626.75,2086734
2025-03-18,5618.0,5686.25,5600.0,5680.0,1111733
2025-03-19,5678.5,5718.5,5606.25,5618.5,704394
2025-03-20,5662.5,5714.25,5631.5,5680.0,412785
2025-03-21,5617.7998046875,5674.25,5597.5,5664.0,1629871
2025-03-24,5815.5,5825.5,5739.0,5740.0,1404629
2025-03-25,5826.5,5837.25,5802.25,5813.0,1078548
2025-03-26,5759.5,5836.5,5743.0,5831.0,1483959
2025-03-27,5739.25,5779.75,5720.0,5737.25,1575855
2025-03-28,5623.0,5747.75,5602.25,5741.75,1910914
2025-03-31,5653.25,5672.75,5533.75,5590.0,2229839
2025-04-01,5674.5,5694.75,5600.25,5644.25,1871505
2025-04-02,5712.25,5773.25,5566.25,5672.0,2060456
2025-04-03,5432.75,5564.75,5415.25,5550.5,2470412
2025-04-04,5110.25,5435.0,5074.0,5423.0,3678162
2025-04-07,5097.25,5286.5,4832.0,5007.0,3673583
2025-04-08,5020.25,5305.25,4940.5,5126.5,2438061
2025-04-09,5491.0,5520.0,4871.75,5006.25,3096194
2025-04-10,5302.0,5528.75,5146.75,5502.5,2524214
2025-04-11,5391.25,5418.25,5206.0,5299.25,1759660
2025-04-14,5440.75,5497.75,5391.0,5452.5,1303900
2025-04-15,5428.25,5485.0,5413.0,5431.75,1158703
2025-04-16,5305.75,5425.0,5251.0,5403.75,1559064
2025-04-17,5312.75,5371.25,5285.5,5308.0,1381396
2025-04-21,5184.75,5306.75,5127.25,5283.75,1191218
2025-04-22,5314.75,5339.25,5171.75,5182.5,1191218
2025-04-23,5482.5,5499.75,5377.75,5379.75,593277
