date,open,high,low,close,adj_close
2022-05-02,396.70770263671875,398.08595983894696,387.65331283699174,394.4010364747816,158312500
2022-05-03,398.5262145996094,400.96686249453666,395.63568926772007,397.21496295046654,100028200
2022-05-04,410.6624755859375,411.2367542258444,395.9706573260259,399.19615153525416,144247900
2022-05-05,396.0663757324219,406.77656576541443,391.88376018846617,406.3458494827587,172929100
2022-05-06,393.7023620605469,397.013994337255,388.3329243601076,393.4726622429116,151770800
2022-05-09,381.09698486328125,388.9836546970786,379.4985795074588,387.7298281834731,155586100
2022-05-10,381.9775695800781,388.6678387063793,377.89067178624043,387.14601921112325,132497200
2022-05-11,375.909423828125,386.71533243954747,375.15328975571026,381.001316604722,142361000
2022-05-12,375.5169982910156,378.82863008346874,368.63529324003053,372.67434662733314,125090800
2022-05-13,384.49481201171875,385.89220108458835,378.6467850380676,379.6996244254463,104174400
2022-05-16,382.9346923828125,386.64832803939817,380.5514694750562,382.8294230505305,78622400
2022-05-17,390.8118591308594,391.05113950661905,385.3179618412777,389.09860346189197,83029700
2022-05-18,375.0575256347656,386.48555589850696,373.8036991118229,386.1984312020403,117674500
2022-05-19,372.7604675292969,377.2398175829103,370.5112265467498,371.9564891117317,98510700
2022-05-20,372.9232482910156,380.00594142713754,364.22301751105,376.3880233878545,131432200
2022-05-23,379.9006652832031,380.6759313342398,373.64108271462095,375.9860127818078,76414900
2022-05-24,377.0005798339844,378.2065329920415,370.367706024042,375.7275919556099,91448800
2022-05-25,380.3312683105469,382.3220968773957,375.08626252851224,375.48823709843765,91472900
2022-05-26,387.9308166503906,389.58664695011913,381.3649788085628,381.5755466547189,82168300
2022-05-27,397.4542541503906,397.56910404848304,390.2184184802871,390.4194058019488,84768700
2022-05-31,395.2241516113281,398.6027891467034,392.44850526026255,395.8175622342905,95937000
2022-06-01,392.0273742675781,398.39222611807,389.4814276855756,397.3681283574194,86585800
2022-06-02,399.4929504394531,399.5407948300667,389.58673723298136,391.864691039557,79609600
2022-06-03,392.9366149902344,396.28653978158474,391.95078114856943,394.71684671616225,71874300
2022-06-06,394.1330261230469,398.7463290328403,392.94617573503086,396.99480973775064,57508900
2022-06-07,397.9136962890625,398.3731251395839,390.1322935619775,390.60130297470704,59272400
2022-06-08,393.5874328613281,397.99019680290365,392.78345445253996,396.18122347636165,64350000
2022-06-09,384.2268371582031,394.08517640788494,384.2268371582031,391.78809077008833,86289800
2022-06-10,373.0859069824219,378.80950342282,373.0380625964243,377.9481000116766,132893900
2022-06-13,358.9205017089844,365.4384956832975,357.29338375096023,363.562546039559,170004900
2022-06-14,357.8389587402344,361.73444969159317,354.699601842966,360.6911909126714,104011800
2022-06-15,362.9404296875,367.43888253291334,356.1639941335375,361.17930068944565,125666800
2022-06-16,350.9285583496094,355.0346173678511,348.4687493212458,354.6230621726384,134473300
2022-06-17,351.68505859375,355.0686980314142,348.138051421064,351.34864250733773,111113900
2022-06-21,360.5382080078125,361.9416332154846,357.40450481631626,357.4814217054807,76811900
2022-06-22,359.88458251953125,364.0468073356452,355.8376743736231,356.2606292835764,90059400
2022-06-23,363.412353515625,364.1525098967462,358.44267761987186,362.04738675197825,79292100
2022-06-24,374.9666748046875,374.97629675059903,366.59414443678344,366.6229809393172,98050300
2022-06-27,373.5343933105469,376.19706135514343,372.428954991284,375.89907439956477,66009600
2022-06-28,365.9020690917969,377.92739033440165,365.78672307218875,375.1109174598908,86548900
2022-06-29,365.6040344238281,367.45925111275926,363.75843968034417,366.4595661830386,65676000
2022-06-30,362.6337890625,365.91167520884255,358.12549653489356,361.66291121412695,112508300
2022-07-01,366.46917724609375,366.91137606613574,359.3174312507828,361.9705068302307,74839700
2022-07-05,367.1612854003906,367.18052929239843,358.4523095292125,361.31686259425834,81438000
2022-07-06,368.4013366699219,370.9198225231262,364.89275837820134,367.3054908243702,70426200
2022-07-07,373.9189453125,374.72639679612604,368.4205600652528,370.19888945267854,64525900
2022-07-08,373.611328125,375.50500334317223,370.7179385982737,372.2655464524384,72397800
2022-07-11,369.3432922363281,371.88099205795385,368.641565006935,370.90052179383423,58366900
2022-07-12,366.07501220703125,371.19852175203914,364.3063051576813,368.785760446499,62219200
2022-07-13,364.1525573730469,367.1228639001298,360.14413672325855,360.5670916633842,84224600
2022-07-14,363.2682189941406,364.3640354607223,356.66439568558775,359.1348010423068,89704800
2022-07-15,370.2084655761719,370.3238115830979,365.79630480005216,367.7284090864627,79060400
2022-07-18,367.15167236328125,374.01502366714607,365.9116441410167,373.33254024846696,63203600
2022-07-19,377.07183837890625,377.6485977814292,370.45842248027566,371.12166205769495,78506000
2022-07-20,379.4750061035156,380.90729743689303,375.8799181877334,377.26412912181934,71843800
2022-07-21,383.3392028808594,383.3872539360509,376.45660793703985,378.88858390074046,64903900
2022-07-22,379.7826232910156,384.6754127305451,377.53328780813126,383.46425013834863,72197300
2022-07-25,380.24395751953125,381.1090818580966,377.9753786149749,380.4169765202046,53631500
2022-07-26,375.74530029296875,378.79246480437615,374.8417174784014,378.5809873512817,52946400
2022-07-27,385.5020751953125,387.2707825349673,378.78287649163906,379.0808634744764,82342100
2022-07-28,390.337158203125,391.03885617779997,382.7239991946979,386.3191159125216,73966600
2022-07-29,396.0278015136719,397.0275158449995,391.01004463526397,391.7886595530168,87003700
2022-08-01,394.8550720214844,397.39280165613854,392.5769002520845,393.2978421707656,69997500
2022-08-02,392.2500305175781,396.9986364088485,391.0580827398368,393.2689592956857,63435400
2022-08-03,398.39251708984375,399.57484306519416,394.11491662652395,394.4032816607065,67820600
2022-08-04,398.123291015625,399.0076298426643,396.4603080737411,398.315524556844,45656600
2022-08-05,397.4504089355469,398.1040557932742,393.7303539439788,393.7880269411196,56814900
2022-08-08,396.9890441894531,401.43966346954056,395.8739838829897,399.16149179818365,53886100
2022-08-09,395.41259765625,396.7583499720345,394.3263738579095,396.2488855476589,44931800
2022-08-10,403.71783447265625,403.8620463181089,400.57453840835655,402.5547231096879,68665700
2022-08-11,403.71783447265625,408.48568460313226,402.9680560841444,406.60160201850204,59489700
2022-08-12,410.5523681640625,410.6580922237723,404.71753827383014,405.6787940975179,61694500
2022-08-15,412.2441711425781,412.7728794629843,408.2549652186435,408.3126382230223,54048300
2022-08-16,413.0516662597656,415.00301453640907,410.34091761875305,411.1579909895095,59289000
2022-08-17,410.11981201171875,412.8593971145599,408.09157620225045,409.4084920535471,63563400
2022-08-18,411.311767578125,412.00384360787325,409.01435208364535,410.3216459201027,49023200
2022-08-19,405.7845153808594,408.78362861979963,404.90014718556284,408.5144781838742,68016900
2022-08-22,397.33514404296875,401.0648217404057,396.42193917651275,400.89177337846473,77695600
2022-08-23,396.3738708496094,399.32493346298486,395.81632600746724,396.9025498533495,49105200
2022-08-24,397.6427307128906,399.0269121844851,395.4510684913309,396.1431445595275,49177800
2022-08-25,403.2565002441406,403.30455130842574,398.0464799936929,399.15191848908785,50942300
2022-08-26,389.60662841796875,403.6890215558976,389.54895541049837,403.1411279849289,103087000
2022-08-29,387.03045654296875,390.1160796790773,385.6558676860806,386.61712355834385,65370800
2022-08-30,382.7817077636719,388.44351915530365,380.65734041611535,388.2032051777682,85652400
2022-08-31,379.869140625,385.6943496624961,379.73458003874504,384.4351066440568,76029700
2022-09-01,381.0610656738281,381.40710370684076,374.92824851702744,377.66783361918215,78740100
2022-09-02,377.04296875,386.0018799211823,375.2069666364603,384.7714736603263,99632100
2022-09-06,375.6203308105469,378.85013626077574,373.3709957287376,377.89850239333316,76637400
2022-09-07,382.3683166503906,383.14693147245526,375.0820108663789,375.30308091758377,70964200
2022-09-08,384.86761474609375,385.3289987709693,378.8501438499422,380.0709575312253,80821700
2022-09-09,390.84661865234375,391.7213649606509,386.86700551357507,387.13615596726964,76706900
2022-09-12,395.0473327636719,395.7778966245199,392.6345711018093,392.9421800258718,69256300
2022-09-13,377.86968994140625,387.48224868153255,376.73541505051963,386.26143494700773,122947100
2022-09-14,379.3115539550781,380.8495691402652,375.9663731274362,379.18658600434674,85023700
2022-09-15,375.00506591796875,380.6187956397522,373.7169868107454,377.73502856337876,87633800
2022-09-16,372.14422607421875,372.8102195024074,368.81425893327554,370.77365224787565,103084800
2022-09-19,375.0302429199219,375.0302429199219,368.88189420997304,368.95912707468705,73278500
2022-09-20,370.7254333496094,372.68479752032306,367.93600735699954,371.6616829950661,77274900
2022-09-21,364.2585754394531,375.76379769118904,364.2489139676984,372.6751312117435,106746600
2022-09-22,361.1988220214844,365.13684334305634,360.4459637046087,363.4766904576762,89472600
2022-09-23,355.14703369140625,357.72411340085114,350.64917685573903,357.68549697041243,122346900
2022-09-26,351.6336975097656,357.3283989536155,350.3982367576907,353.6606331303109,92581200
2022-09-27,350.73602294921875,357.5117480709037,348.3133501798601,355.2145566019714,108294100
2022-09-28,357.63720703125,359.3456083197045,349.9831427404017,351.70120549927145,110802200
2022-09-29,350.1665344238281,354.33619530627595,347.1840561759811,354.0466457504471,112952300
2022-09-30,344.7517395019531,353.17798547071806,344.6166261876409,349.21097962122457,153711200
2022-10-03,353.8536682128906,355.72616762006106,346.71115958069134,348.51608759191953,89756500
2022-10-04,364.8183898925781,364.84734485283025,353.81506316117395,359.4421931120172,103602800
2022-10-05,363.9689636230469,366.2564935892926,358.0426232733326,360.3977246243655,88065700
2022-10-06,360.2143859863281,365.54230503287965,359.7124607183134,362.5501647365061,82333500
2022-10-07,350.1665344238281,360.30118125767257,348.38090028101027,356.13149091952226,107789500
2022-10-10,347.492919921875,351.5371292082342,345.22471286942846,351.2958280787651,76042800
2022-10-11,345.292236328125,350.3981762021499,343.3328724398788,345.7748385612468,92482800
2022-10-12,344.1533508300781,347.2999272611436,343.90238820751506,345.7073455576086,76991800
2022-10-13,353.23590087890625,354.722324093684,335.9973327607428,337.05906362844115,147254500
2022-10-14,345.18609619140625,357.3766339562815,344.5393962043869,355.7261130237995,123737000
2022-10-17,354.0563659667969,355.1760068612795,344.8483056394827,351.34414333960547,93168200
2022-10-18,358.2164001464844,362.3860912302778,354.73199610450035,362.07721867835807,97162900
2022-10-19,355.6778869628906,358.9113281900581,352.8305216757492,356.15082778024464,79746900
2022-10-20,352.69537353515625,359.70276750492764,351.92319227562456,355.2242045667533,88283100
2022-10-21,361.26641845703125,361.7586527465479,350.8904695677972,352.41547979286736,131038400
2022-10-24,365.68707275390625,366.8356686178602,360.12748466994145,362.8107818136751,85436900
2022-10-25,371.52655029296875,371.84505483562714,365.4940218238639,365.6098416575578,78846300
2022-10-26,368.7274475097656,374.0939826830532,368.0807769285353,368.3413715642347,104087300
2022-10-27,366.7584533691406,371.60376984198695,366.1310468165304,369.74093203916163,81971800
2022-10-28,375.48388671875,375.96648902367366,366.4688791974609,366.6522704297885,100302000
2022-10-31,372.77166748046875,374.88546795153775,371.8547407662759,372.99367514678863,96631300
2022-11-01,371.140380859375,376.8061553626187,369.95319831317653,376.5648542654954,85407600
2022-11-02,361.82623291015625,375.10745723633005,361.720074546058,370.54202901028134,126990400
2022-11-03,358.1005859375,361.1795911215684,355.95783044036943,358.5445718280526,87100100
2022-11-04,363.2547302246094,365.6870350325933,357.12567557694524,363.8821072770496,103505200
2022-11-07,366.7295227050781,367.3279448819453,362.46330514322733,364.56744423469866,68286900
2022-11-08,368.70806884765625,371.719501765123,364.57699532780055,367.84902282076746,84641100
2022-11-09,361.1119689941406,367.8780620529582,360.6100437959627,366.7101433846629,78495500
2022-11-10,380.9565734863281,381.2944009586985,372.22148438253384,374.54760134940835,141455800
2022-11-11,384.6436462402344,385.45441446767416,379.91412072994757,381.82523620186475,93839900
2022-11-14,381.37164306640625,386.2555760656982,381.09172548023764,382.85806642227556,71903500
2022-11-15,384.6243591308594,388.3114476524272,380.7635408563061,387.191806818122,93194500
2022-11-16,381.6901550292969,383.93906869355703,381.0531164850205,382.97386413356963,68508500
2022-11-17,380.5222473144531,381.2075637799826,376.5649320685598,376.87377515035627,74496300
2022-11-18,382.2499084472656,383.9679711508985,379.363956633335,383.9003997715693,92922500
2022-11-21,380.8600769042969,382.0472891580128,378.99723910875036,380.90835480738184,51243200
2022-11-22,385.98529052734375,386.14938826002486,381.4005689519804,382.8290822784632,60429000
2022-11-23,388.4176330566406,388.90986735370535,385.41583154987455,385.6474712190815,68261600
2022-11-25,388.3307189941406,388.89055410722,387.5682286365076,387.84811673734316,30545400
2022-11-28,382.1341247558594,386.86362100910424,381.3619434670269,385.2034680577448,67881600
2022-11-29,381.4777526855469,383.47570344424014,379.61488577269193,382.2691979218813,52310000
2022-11-30,393.4945373535156,393.4945373535156,379.7886520373249,381.72869292358286,144566700
2022-12-01,393.205078125,395.73390961499217,390.6665851626051,394.5466972820921,76398200
2022-12-02,392.7513732910156,393.6682999081451,388.1473583519817,388.2535167100445,85342700
2022-12-05,385.68603515625,390.8402232845443,384.3154613590404,389.89434179354936,77289800
2022-12-06,380.1264953613281,386.07215893019634,378.0127244938786,385.5220147224602,77972200
2022-12-07,379.4798278808594,381.8735457907901,378.3312320994056,379.26748169969045,65927900
2022-12-08,382.45269775390625,383.5337222960939,379.58603864027555,381.3909961572138,60737900
2022-12-09,379.5956115722656,383.78459542401623,379.4701302786535,381.19785452203797,81447700
2022-12-12,385.068359375,385.068359375,379.7211180263533,380.39674352454324,75405800
2022-12-13,387.9832763671875,396.2068085763035,385.1841890472731,395.9462139503626,123782500
2022-12-14,385.5027160644531,391.3904700876154,382.5202373486553,387.63581000894794,108111300
2022-12-15,376.0726623535156,381.497107338881,374.3932158229351,380.5801512125836,117705900
2022-12-16,371.6326599121094,374.8421551302672,369.4703889362724,373.4846696225964,119858000
2022-12-19,368.4813232421875,372.16596040837743,366.79416487545245,371.8265816496415,79878100
2022-12-20,368.9856262207031,370.6243149134932,366.37730064891156,367.7154042764887,74427200
2022-12-21,374.5028381347656,375.6470024759306,371.0703155203034,371.6133097700416,78167400
2022-12-22,369.1601257324219,374.4834223249137,363.3907749039536,371.4193664689594,100120900
2022-12-23,371.28369140625,371.4291310318605,366.5518583132447,368.1226654517812,59857300
2022-12-27,369.8194274902344,371.51629169701135,368.12256328345734,371.16723669242253,51638200
2022-12-28,365.223388671875,371.7490547748007,364.9906853166092,369.75157580856137,70911500
2022-12-29,371.7975158691406,372.6798888580042,367.5698842736494,368.10320223797714,66970900
2022-12-30,370.81817626953125,370.9636158642574,366.93962925835154,369.08254778752337,84022200
2023-01-03,369.2570495605469,374.69669716086906,366.3578157499372,372.6992479566295,74850700
2023-01-04,372.1077880859375,374.16341314778646,368.4619446383028,371.54538223107625,85934100
2023-01-05,367.86077880859375,370.24607682346164,367.2596087845263,370.12972515312134,76970500
2023-01-06,376.296630859375,377.4311189189253,367.88989649639944,370.99271645676004,104189600
2023-01-09,376.0833435058594,381.7460488864567,375.8991397236085,378.5171415271556,73978100
2023-01-10,378.72076416015625,378.7886458444116,374.54163152398615,375.4918863306514,65358100
2023-01-11,383.5107116699219,383.5882991798433,379.49643096495055,380.3206281098179,68881100
2023-01-12,384.9070129394531,386.39055604862517,380.5048832061513,384.6258395750699,90157700
2023-01-13,386.40020751953125,386.9819954314796,381.39687882231516,381.66837590242943,63903900
2023-01-17,385.69244384765625,388.0777718330717,385.0040099612812,386.38090732499995,62677300
2023-01-18,379.60308837890625,387.971058411242,379.39947294334144,386.89477580371937,99632300
2023-01-19,376.8396301269531,379.2055165067365,375.5015267150261,377.5377401599957,86958900
2023-01-20,383.8598327636719,384.0149782072945,376.58755654305355,378.25533307328743,91806400
2023-01-23,388.4656066894531,390.4242624270123,383.70468631853214,384.674323145417,84178800
2023-01-24,388.04864501953125,388.9697821912986,385.56637726949504,386.7687173884597,59524900
2023-01-25,388.194091796875,388.53347058894747,381.6102497581479,383.9276958720154,84800300
2023-01-26,392.46044921875,392.62530047562916,387.8837628706581,390.88964251974176,72287400
2023-01-27,393.3622131347656,395.7669228266242,391.1902363749992,391.40355763468796,68346200
2023-01-30,388.42681884765625,392.828978394241,388.12623379402066,390.56970798224273,74202000
2023-01-31,394.1379699707031,394.1864399734376,388.601322637591,388.9504072665645,86811800
2023-02-01,398.3267822265625,401.10966467538105,390.13336909060706,392.906516111432,101459200
2023-02-02,404.12518310546875,405.6087260745303,400.343605889328,402.26346761931126,101654500
2023-02-03,399.8297424316406,404.3094597358688,398.6079905883177,399.0928089907834,94736800
2023-02-06,397.3862609863281,398.801952106259,395.7088081581303,397.3474968174575,60295300
2023-02-07,402.58349609375,403.8440120683523,395.1948685823552,396.4553845569575,90990700
2023-02-08,398.1813049316406,401.94350006214603,397.4831653240111,400.58601460035635,76227500
2023-02-09,394.7294006347656,401.98229380319435,393.48826684245864,401.8271483802855,78694900
2023-02-10,395.65057373046875,396.03842249852727,392.7125756657534,393.5367432012661,70769700
2023-02-13,400.2951354980469,400.4308988497679,395.84450626622424,396.30994256945445,64913500
2023-02-14,400.1109313964844,402.44772997458745,396.10632679762597,398.7534162442866,88389300
2023-02-15,401.4102478027344,401.4878057256822,397.0371764235173,397.8904615307759,61555700
2023-02-16,395.88323974609375,400.372662050709,395.7475060060052,396.3777638935451,76431500
2023-02-17,394.894287109375,395.1366963059818,391.7817317194485,393.730711129276,89257800
2023-02-21,386.9723205566406,391.88838589903276,386.7105292912516,390.82177957361756,82655900
2023-02-22,386.4390869140625,388.95044285942777,384.96521993169256,387.38931210957054,83742300
2023-02-23,388.4946594238281,389.98790828745507,384.2185578536453,389.3673265707917,96242400
2023-02-24,384.3446350097656,385.1882142813148,381.68783967804217,383.41379197815615,108194400
2023-02-27,385.6536865234375,389.1055914452748,384.703431729303,387.7286940571183,80444700
2023-02-28,384.228271484375,387.156563842999,384.12159605361234,385.16882032398394,96438600
2023-03-01,382.7544250488281,384.6452286653994,381.4357331904151,383.4040947317888,99706800
2023-03-02,385.7312316894531,386.5845168492611,380.4176111158105,380.7569899304116,85127800
2023-03-03,391.9175109863281,392.1696260301451,386.91418141429745,387.57352735400747,90120000
2023-03-06,392.18902587890625,395.07855440341785,391.7430012043068,392.751402243317,72795900
2023-03-07,386.1772155761719,392.3829144136942,385.5566634469987,392.14050522757117,108310600
2023-03-08,386.8075256347656,387.5735174019799,384.5482553177289,386.2936193139277,74746600
2023-03-09,379.6709899902344,389.2898002423228,378.67226525159236,387.60261205758303,111945300
2023-03-10,374.1925048828125,381.2223710035563,372.6507860706961,379.1182463308406,189253000
2023-03-13,373.6592102050781,378.53651154881794,369.0922293194743,370.21701151974185,157790000
2023-03-14,379.8358459472656,381.50362247797136,375.29792309518035,378.6431819939984,149752400
2023-03-15,377.4602355957031,377.66385105078797,372.0593511848362,374.17318202831615,172996900
2023-03-16,384.08282470703125,384.4319093478442,374.56101366986553,375.07491999833877,143254200
2023-03-17,379.59185791015625,383.88427957586276,378.19024962323573,382.73574852805046,140553400
2023-03-20,383.24188232421875,383.66044000734365,379.6697504771367,380.3802678130495,93055800
2023-03-21,388.2740478515625,388.7607165792042,385.0328174912838,386.6485612315224,91524200
2023-03-22,381.6553039550781,391.75855066289427,381.61639184687533,388.0988223305706,111746600
2023-03-23,382.68707275390625,388.64389279785183,379.9422541991001,384.5558638990384,119351300
2023-03-24,385.1982727050781,385.28586950584946,379.01757432796904,381.39251993965786,107682400
2023-03-27,385.91851806640625,388.28375041210535,385.0133214559245,387.5050627063962,74010400
2023-03-28,385.05224609375,385.91850085433646,383.19316826565193,385.2176968024037,62871700
2023-03-29,390.64892578125,390.89226010281504,388.05010215722115,389.2667737650462,77497900
2023-03-30,392.936279296875,393.5689426001381,391.048002561421,393.3158653972741,69840000
2023-03-31,398.474609375,398.7763415903642,393.7636302558497,393.8707128150531,112062600
2023-04-03,399.9930114746094,400.4017965433798,397.54992512551536,397.9489970190578,67391100
2023-04-04,397.7738037109375,400.93715022422197,396.3819086701285,400.6451311852712,66601500
2023-04-05,396.7323303222656,397.80300740342744,395.05818880551254,397.0340625400612,65200200
2023-04-06,398.2799377441406,398.5622139105367,394.86351392490366,395.9244481388538,63743300
2023-04-10,398.688720703125,398.7666043298066,395.14578799051924,395.76870848447066,63681000
2023-04-11,398.79583740234375,400.21690181997883,398.01717929227317,399.321447963788,59297900
2023-04-12,397.1702880859375,401.18046286166015,396.57656656882966,400.88844383851193,86420400
2023-04-13,402.4458312988281,402.8059613979246,397.1119314502093,398.2702053766501,85814800
2023-04-14,401.46270751953125,404.0225894545492,399.1267038642097,401.803381526409,78161500
2023-04-17,402.9032897949219,402.92274584971403,400.1292722361705,401.37514293257703,66436400
2023-04-18,403.16607666015625,404.6358256413118,401.77421130528586,404.49954414726284,63560000
2023-04-19,403.0979309082031,404.01284065902394,401.1707123262414,401.22911018897685,55227300
2023-04-20,400.8982238769531,402.6697051216665,399.3311351746603,400.24607473164843,75840400
2023-04-21,401.20965576171875,401.6768386654951,399.23378218743716,401.19991288325747,73457400
2023-04-24,401.62823486328125,402.0565057155857,399.65236103720025,401.00528464032885,64332100
2023-04-25,395.2528381347656,400.19740875860384,395.19444026710534,399.6328564326876,97766700
2023-04-26,393.5787048339844,396.96592974847795,393.0141822001858,395.8757965908664,80447000
2023-04-27,401.4140319824219,401.68656523319095,395.89519652447774,396.14827372301204,92968400
2023-04-28,404.8402099609375,404.8499528400004,400.4601917441596,400.518589610738,89335600
2023-05-01,404.4314270019531,406.4851546297592,404.1978058305228,404.3924851893981,62122300
2023-05-02,399.8859558105469,403.7598495686788,396.9464873945353,403.71116487366527,103998500
2023-05-03,397.14117431640625,402.83520489398785,396.8978399302182,400.3921181514102,91531800
2023-05-04,394.3281555175781,396.41108194857094,392.97520237697,396.08015082229724,94901900
2023-05-05,401.62823486328125,402.6891691143394,397.74462796123623,398.00741837809966,87844000
2023-05-08,401.73529052734375,402.2219592534578,400.3142261641833,401.9591688347608,50046800
2023-05-09,399.9735412597656,401.102616238175,399.73994978281917,400.1682206264883,49220100
2023-05-10,401.8423767089844,403.4873193943634,397.96848292085406,402.8449131056442,96142900
2023-05-11,401.14154052734375,401.4335298607705,399.0391282149725,400.9663469272877,70157100
2023-05-12,400.615966796875,402.61132643811567,398.16316705924265,402.3971910059802,70439400
2023-05-15,401.9980773925781,402.4068624545101,399.2922006873979,401.22913255184045,54289400
2023-05-16,399.31170654296875,401.8131910291643,399.3019636627888,400.8787656489812,57705500
2023-05-17,404.1589050292969,404.77208264872,399.6912898643818,401.355688524903,87287000
2023-05-18,408.05224609375,408.48051692312157,403.6138299565358,403.83767854650284,97177200
2023-05-19,407.45849609375,409.50251056679645,406.222368293831,408.9671868803819,103679700
2023-05-22,407.62396240234375,409.1813081232912,406.222354223881,407.47796773873284,60745400
2023-05-23,403.0492858886719,407.55584286464847,402.65021398477086,405.95955524904446,86383500
2023-05-24,400.1292724609375,401.81315687426667,398.95154251149256,401.4238278509022,89213700
2023-05-25,403.5943603515625,405.06410937954433,401.41409400851745,403.681957155999,90961600
2023-05-26,408.82122802734375,409.55123119157537,404.1784185962364,404.25627253070303,93830000
2023-05-30,408.9769287109375,411.31293268499286,407.57532038572384,410.7776089610705,72216000
2023-05-31,406.70904541015625,408.0425129180875,405.1225006686962,407.1275733702995,110811800
2023-06-01,410.5732116699219,411.6438888093061,405.6773254680984,406.94265227579683,88865000
2023-06-02,416.51055908203125,417.30867318618937,412.6464083620261,413.18173205792607,91366700
2023-06-05,415.71240234375,418.1652018562358,415.00185536054477,416.8609333270958,65460200
2023-06-06,416.61761474609375,417.15293844559983,414.6319980919554,415.293890112602,64022200
2023-06-07,415.17706298828125,418.1652159848775,414.7487921488518,417.01668496272606,85373300
2023-06-08,417.68829345703125,418.1457632344052,414.4665489603408,415.2452070178747,61952800
2023-06-09,418.437744140625,420.4720157510119,417.4352078024171,418.4961420085672,85742800
2023-06-12,422.2337341308594,422.3116177537034,418.70054447165705,419.4305474903507,76104300
2023-06-13,425.0175476074219,425.66966708487655,423.04167371105643,423.71327894860997,95899700
2023-06-14,425.52362060546875,427.35349959785805,422.0293430418738,425.358169888184,100612100
2023-06-15,430.7991638183594,432.06449062916386,424.599008978394,424.6963189608391,110303100
2023-06-16,429.3317565917969,433.3861055747919,428.8530591628444,432.8097068830916,114121300
2023-06-20,427.10430908203125,428.26688554723484,425.00386607669554,427.3681054754282,76160400
2023-06-21,424.91595458984375,426.91869638194686,424.3199977362642,426.10783848276225,76982300
2023-06-22,426.44976806640625,426.5572185867041,423.60683122872587,423.94877074517865,70637200
2023-06-23,423.22576904296875,425.0331379202763,422.50283341774065,422.9522234160524,92074500
2023-06-26,421.4965515136719,424.5934754368762,421.2523132944939,422.6493487527752,72823600
2023-06-27,426.1175537109375,426.7427880550239,421.9264174790012,422.38558652832046,72813700
2023-06-28,426.33251953125,427.3583082207874,424.39814192368516,425.0233763190897,75636000
2023-06-29,428.01287841796875,428.1789735516277,425.5021317852596,425.91243536260924,67882300
2023-06-30,433.063720703125,434.06020202092293,430.94371959416844,431.26613077720606,104921500
2023-07-03,433.56195068359375,433.84524556804314,432.42868170308367,432.71200640177057,32793400
2023-07-05,432.91717529296875,433.6596690923143,431.7155124041709,431.72529147444817,58418400
2023-07-06,429.52716064453125,429.95702235075805,426.9870768752562,429.29270146449466,80658300
2023-07-07,428.44268798828125,432.43845163821334,428.1984497600781,428.5208609172789,86076100
2023-07-10,429.52716064453125,429.7030050295587,427.50486077399677,428.08125946774646,62443500
2023-07-11,432.2625427246094,432.76079821066685,429.31215589809165,430.29888780130847,64463800
2023-07-12,435.7405090332031,437.16688169190786,434.65610565662166,436.1020066396325,91924500
2023-07-13,439.1990051269531,440.0001137730727,437.13764852878757,437.57725950709175,72425200
2023-07-14,438.9254150390625,440.9574640329814,438.15361386962167,440.0977704910173,69761800
2023-07-17,440.4494934082031,441.51436861612706,438.7300465624046,438.77891210166564,52680200
2023-07-18,443.7222900390625,444.3768318598502,439.67769026644436,440.1173310466819,80744400
2023-07-19,444.7090148925781,445.91064799435,443.6441098923527,444.52339143853806,65891700
2023-07-20,441.7585754394531,444.6112911566319,441.0356398008323,443.70273207335373,70591600
2023-07-21,441.7585754394531,443.70273207335373,441.7488261836865,443.49755048868747,71245400
2023-07-24,443.7320556640625,444.5526925899651,441.87582114974117,442.92116799428237,54023400
2023-07-25,444.9435119628906,446.213539037833,443.40968847593155,443.4585540183474,55191200
2023-07-26,445.0118713378906,446.45774269927045,442.9309566740242,443.99583186815164,71052900
2023-07-27,442.0614318847656,448.8512668295463,441.14309372438333,448.44093347127927,92194400
2023-07-28,446.38934326171875,447.22950846573076,442.0614191485181,445.3733038725234,80011800
2023-07-31,447.23931884765625,447.60078668465394,445.5394003667837,446.8680719401756,62040400
2023-08-01,445.95947265625,446.7117156597197,444.9922690069472,445.75429108001924,55291500
2023-08-02,439.7558288574219,443.0676837995684,438.99380676163474,442.8039172405704,93933400
2023-08-03,438.4955749511719,440.4006452008389,437.05945286822384,437.7140244875459,64276100
2023-08-04,436.5123291015625,442.4619687698737,435.9847661800375,440.33221857285656,100052300
2023-08-07,440.3224792480469,440.47879530609856,437.6651658896473,438.3685732437601,58357500
2023-08-08,438.40765380859375,440.31272406281704,435.00784667378764,437.75308218770624,71361300
2023-08-09,435.4767761230469,438.847275715875,434.7049749469342,438.6811805966212,78789600
2023-08-10,435.6330871582031,441.2896530041849,434.45098245393154,437.8605386591447,93005500
2023-08-11,435.3790588378906,436.4048772830147,433.1320790682152,433.73778510277623,68664600
2023-08-14,437.7823791503906,437.7823791503906,434.1383636694306,434.4509957738728,47867400
2023-08-15,432.6827087402344,436.3462823230885,432.10628026000245,435.9847846856202,75707500
2023-08-16,429.50762939453125,433.9429745293161,429.4001490615862,432.2626141839306,80107200
2023-08-17,426.2348327636719,431.2563556808056,425.7072697956283,430.9925891039035,95711300
2023-08-18,426.4399719238281,427.48531875841724,423.03041559493624,423.3821043537296,98758400
2023-08-21,429.21453857421875,429.9667816706024,425.28719814548714,427.46578431087676,68719000
2023-08-22,428.0519104003906,431.0120765171459,427.4852908323814,431.0120765171459,65062900
2023-08-23,432.8194885253906,433.4447527592997,428.9800703719316,429.12660735980415,68441000
2023-08-24,426.8210144042969,434.9590198508384,426.79167719235727,434.44123594864834,88517300
2023-08-25,429.83001708984375,431.129351475143,424.9745594365849,428.56973935869985,102325100
2023-08-28,432.5556945800781,433.18092896018993,429.82998752114145,432.0476599686097,61595400
2023-08-29,438.8082580566406,439.09158280368206,432.2626603597065,432.448283833881,83081900
2023-08-30,440.6155700683594,441.26036260850424,438.43695420457783,439.1501406082771,69053900
2023-08-31,439.97076416015625,442.39358837943115,439.7851407157134,441.2407910612769,66084600
2023-09-01,440.7914123535156,443.2142664491309,439.31620383015326,442.725789964758,58875700
2023-09-05,438.8863525390625,440.6644141397317,438.8179884884516,440.3420327706711,55166200
2023-09-06,435.93597412109375,438.17320486611897,433.58151378493005,438.06572453141547,70758500
2023-09-07,434.5975036621094,435.28135280377876,432.54589660862825,432.89758534190344,70355400
2023-09-08,435.2520446777344,436.8053962088949,434.28487084861695,434.6463386508432,61659700
2023-09-11,438.1146240234375,438.4272263526194,436.1802461770234,437.9094424088042,60180100
2023-09-12,435.7112731933594,438.1927422425825,435.1251252255622,436.64916957031585,67565400
2023-09-13,436.2192687988281,437.3915944437112,434.82220342934176,435.9359440969303,60199300
2023-09-14,439.98052978515625,440.6839371233629,437.40138942122456,438.72028190714184,83430800
2023-09-15,434.67950439453125,438.7089598848143,434.2383427915536,438.37562781165224,111761400
2023-09-18,434.9344482421875,436.2481794178346,433.8854140469078,434.36580002145035,55752200
2023-09-19,434.032470703125,434.60111892750206,431.31677600765863,434.00305992734036,66514600
2023-09-20,430.042236328125,435.7285386212781,429.83633099394905,435.30697422741883,82562600
2023-09-21,422.934326171875,427.4245402914484,422.777458746294,427.1598433404442,103976100
2023-09-22,421.9833068847656,425.59116764911784,421.5617126198386,423.97351545113276,100829700
2023-09-25,423.7579040527344,423.79709847386374,420.31669371638657,420.75788526903824,70874500
2023-09-26,417.5323181152344,421.3950924504434,416.68915944297646,420.6793904313852,96168400
2023-09-27,417.6989440917969,419.2872154600197,414.012664531382,418.71856733673735,104705800
2023-09-28,420.1205749511719,421.8166760173577,416.5421245318838,417.1401834888594,92258300
2023-09-29,419.1009521484375,423.38529075475395,417.5617186227765,423.208826125155,115078500
2023-10-02,418.934326171875,420.1990493555368,416.1401828253966,418.2578484168517,83798600
2023-10-03,413.326416015625,418.9931211100854,411.9440498179188,416.7284017851677,103760600
2023-10-04,416.3362731933594,417.0911697072469,412.3166310172953,413.7970431891139,87453000
2023-10-05,416.17938232421875,417.0323246811002,412.91466676522356,416.0421121006544,70142700
2023-10-06,421.12060546875,422.6794363277748,412.3558357939285,413.69897767073206,113202700
2023-10-09,423.8167419433594,424.39517383107517,418.6402358111942,419.1990405681832,80374400
2023-10-10,426.02264404296875,428.6501065166206,424.05203222802646,424.45399945949964,78607300
2023-10-11,427.7677307128906,428.02261412667553,424.6892632623498,427.1010665239066,62451700
2023-10-12,425.1598205566406,428.7676815824962,422.77745824223615,428.38534154261254,81154200
2023-10-13,423.0421447753906,427.8951315209917,421.45390327156525,426.67941648397607,95143100
2023-10-16,427.4931640625,428.5716088851418,425.07157747323214,425.3166772093143,75433200
2023-10-17,427.4735412597656,429.5520121750666,423.97353973184937,424.32646899406546,75324700
2023-10-18,421.7774353027344,426.6500194127167,420.6793932361585,425.6794340001902,93559800
2023-10-19,418.07159423828125,424.336359046486,417.3853327982475,422.50301745867984,121323000
2023-10-20,412.93426513671875,418.1794058713674,412.826405686557,417.630384814372,123845800
2023-10-23,412.21856689453125,416.1303793610577,409.61070188998167,411.3852217369332,92035100
2023-10-24,415.3264465332031,416.49312377432966,412.49307897063755,414.36564471127423,78564200
2023-10-25,409.3656005859375,413.64996945398013,408.84599029988897,413.6205586800304,94223200
2023-10-26,404.463623046875,409.14992938947574,403.53226188504357,408.2872033429786,115156800
2023-10-27,402.6302490234375,406.4734262191426,401.1890613149734,406.0714590439217,107367700
2023-10-30,407.44403076171875,408.5126621179571,404.140090805768,405.4538219203933,86562700
2023-10-31,410.00286865234375,410.32638715377004,406.09105634595556,408.02244354863467,79665200
2023-11-01,414.3754577636719,415.19898935884856,410.4440480777059,410.9832854960481,98068100
2023-11-02,422.3166809082031,422.4735483378235,418.19899315902586,418.21859036795234,94938900
2023-11-03,426.1696472167969,427.738291613609,424.52258406387557,424.6500407220308,100110800
2023-11-06,427.1500549316406,427.6010301071179,425.17944331101864,426.93436594868996,67831700
2023-11-07,428.36572265625,429.0127895786735,425.9931738600998,427.1500374853103,64256100
2023-11-08,428.67950439453125,429.5030360442057,426.3461497607505,428.9736121553414,61746000
2023-11-09,425.3362731933594,429.8755250796441,424.90489526554387,429.8363007445514,83174400
2023-11-10,431.9736022949219,432.28733716521367,425.3264980675604,427.4343799178175,89462200
2023-11-13,431.56182861328125,432.6794678903552,429.8265331928285,430.6206539716291,52236100
2023-11-14,439.9344787597656,441.238396338492,437.346210893024,437.57171344667955,97176900
2023-11-15,440.8658447265625,442.532535106178,440.0030887615571,441.2874091441976,77327600
2023-11-16,441.4050598144531,441.7285783252467,439.33640233227624,440.41484723392745,66665800
2023-11-17,441.9541015625,442.57175775870127,440.48350296941317,441.4148641267252,83133200
2023-11-20,445.3560791015625,446.2090214823546,441.68936633345487,441.6991798980999,69936200
2023-11-21,444.3854675292969,445.22862627210776,443.10114716472856,444.29723520494537,49244600
2023-11-22,446.10113525390625,447.4344934312076,444.9933095334768,446.0619408364875,59394900
2023-11-24,446.3757019042969,446.5717936936593,445.81689715148616,446.15022925787713,29737400
2023-11-27,445.57177734375,446.5619600531191,445.17959378265584,445.73842842975046,50506000
2023-11-28,446.0129089355469,447.32664000240914,444.61094554920174,445.1795638034484,62115000
2023-11-29,445.6991882324219,449.33649017214634,445.2972509595893,448.189410143627,63146000
2023-11-30,447.4541015625,447.80706076370257,444.4540829895932,446.5521512294108,79752700
2023-12-01,450.1011962890625,450.64040378256834,446.23842175479484,446.8364507959776,89097900
2023-12-04,447.7384338378906,450.12079629179925,445.43449014156994,446.6698024892576,72430900
2023-12-05,447.65020751953125,448.6207929946436,445.954106409832,446.33647639663644,69793500
2023-12-06,445.84625244140625,449.8462671396938,445.4050609299513,449.8168563668903,69124700
2023-12-07,449.2482604980469,449.90511109651214,447.34628397693746,447.9541265914232,66995400
2023-12-08,451.1796569824219,451.71886449479484,448.24824346340256,448.49334322710024,83080900
2023-12-11,452.93450927734375,453.1110038301833,450.4639146510127,450.67960362057033,65002200
2023-12-12,455.003173828125,455.10121971026973,451.5717773888773,452.5815871442226,68327600
2023-12-13,461.2778015136719,461.5327148676774,455.0228501300582,455.3855930295843,93278000
2023-12-14,462.7581481933594,464.4444356942921,460.0522373403874,463.23853413603206,119026000
2023-12-15,461.9961853027344,463.3448027683504,460.12588091693294,462.1536887302671,141319300
2023-12-18,464.594970703125,465.5891979977767,462.54748612125485,463.62045011337096,70375300
2023-12-19,467.4201354980469,467.49890223898143,465.0674973148692,465.146234015094,55761800
2023-12-20,460.9429931640625,468.4635951363874,460.5098661873582,466.55390711383995,102921000
2023-12-21,465.3135986328125,465.5892221492984,461.5138993976389,463.9649810278423,86667500
2023-12-22,466.2487487792969,467.95172664933614,464.3292374638407,466.45545891219285,67126600
2023-12-26,468.21746826171875,469.13292883513145,466.5834038825501,466.6621706221802,55387000
2023-12-27,469.06402587890625,469.2116759586534,467.46934493622075,468.01073857552973,68000300
2023-12-28,469.2411804199219,470.08772752484174,468.8179068674619,469.4282138576518,77158100
2023-12-29,467.8827819824219,469.5759063860518,465.90418072054433,469.04433603914117,122234100
2024-01-02,465.26434326171875,466.26842392066214,463.1380919165969,464.78200963737714,123623700
2024-01-03,461.4646911621094,463.82718272985784,460.8543840948513,463.0790488844653,103585900
2024-01-04,459.978271484375,463.60076051558326,459.7518546546583,460.9823221278168,84232200
2024-01-05,460.6083068847656,463.088918612511,459.14156916018595,460.18500322317726,86060800
2024-01-08,467.18389892578125,467.3315490152744,460.9823248006786,461.1102982251427,74879100
2024-01-09,466.4751281738281,467.5087087960516,463.9846633036254,464.4965269385166,65931400
2024-01-10,469.1132507324219,469.98935797404295,466.46528238377533,466.75075924281816,67310600
2024-01-11,468.90655517578125,470.6488863198256,464.8804691698852,470.127169307832,77940700
2024-01-12,469.2313537597656,471.12136490723475,467.8040295978058,470.3732311137583,57944000
2024-01-16,467.5086975097656,469.1624384816832,465.66792309023396,467.8335577253936,85014900
2024-01-17,464.9100341796875,465.4022212107153,462.5278357315992,464.4473771688928,68843900
2024-01-18,469.0443115234375,469.60541185803214,465.03793256834524,466.60308346955065,91856200
2024-01-19,474.8915100097656,475.17698686216823,469.0935631567449,470.18620380449687,110733300
2024-01-22,475.89556884765625,477.6378998172432,475.2360251238459,476.44681582246477,75844900
2024-01-23,477.2835388183594,477.52963230577734,475.3443509765863,476.44684499370544,49945300
2024-01-24,477.8052673339844,481.1324259207397,477.3032270260809,480.1874353770752,81765000
2024-01-25,480.4040222167969,480.67964572380765,477.80529058508233,479.96104191877174,72525000
2024-01-26,479.7937316894531,481.4770028066331,478.93733112177756,479.9709117984805,76641600
2024-01-29,483.5934143066406,483.74109444230595,479.5575048545731,480.1087519028763,61322800
2024-01-30,483.2193603515625,483.9379341352055,482.4515198034891,482.8945001134222,58618400
2024-01-31,475.3345031738281,481.4376037086251,475.3147964685509,480.9848000978878,126011100
2024-02-01,481.5557556152344,481.5852856325511,476.24011217253945,477.0571593861526,91891600
2024-02-02,486.6252746582031,488.29869237101855,481.65416812020857,481.9987050154295,99147700
2024-02-05,484.85333251953125,486.6547535053569,482.5696079962438,485.9853864906124,75757100
2024-02-06,486.2610778808594,486.5957614349735,484.36121323559956,485.80824421290174,55918600
2024-02-07,490.3166809082031,490.7399545059153,487.6194758002834,488.5349664241499,70556500
2024-02-08,490.5332336425781,490.91712386165034,489.48979965953936,490.316670172096,52343600
2024-02-09,493.3681945800781,493.8111447961844,490.70051976891017,491.04505663079715,63979400
2024-02-12,493.1517028808594,495.6323145741017,492.4232456849837,493.3387363462197,56502300
2024-02-13,486.3594665527344,489.3224417464559,483.05198451010375,486.8024468452015,113099200
2024-02-14,490.77935791015625,491.27154491569246,486.67450506607145,489.02717337207577,68387800
2024-02-15,494.1655578613281,494.3525913081241,491.00569597011724,491.48805961534737,61683000
2024-02-16,491.7046203613281,495.0121022724211,490.95648657827763,493.8604016229435,75461200
2024-02-20,488.99761962890625,490.62183066023255,486.7237181769076,489.94261022228915,71736700
2024-02-21,489.4405822753906,489.5980857183923,485.84762322650084,487.678574465774,59603800
2024-02-22,499.56976318359375,500.5442837489943,495.15975721807683,496.1343078241853,76402500
2024-02-23,499.9143371582031,502.1587086552498,499.1760566652179,501.3121314021241,61321800
2024-02-26,498.0833740234375,500.8002557857889,497.9554006011949,500.3572754842892,50386700
2024-02-27,499.0086364746094,499.2350532783497,496.8627086573891,498.78224971157533,48854500
2024-02-28,498.3491516113281,498.9397519322539,497.06944748767006,497.433661032477,56506600
2024-02-29,500.1407165527344,501.77478095792515,497.4533948240691,500.1308932406561,83924800
2024-03-01,504.836181640625,505.26930860368725,500.6132388118338,501.0266891095606,76805900
2024-03-04,504.2947692871094,506.1651038495938,503.99946911445886,504.02902917243324,49799300
2024-03-05,499.2547607421875,502.71977618889395,497.02024274409166,502.26694255347593,72855600
2024-03-06,501.78460693359375,504.06836164328706,500.4754028347389,502.57209405521513,68382400
2024-03-07,506.76556396484375,507.8287046812671,501.8436940869461,505.12167624842334,58652100
2024-03-08,503.7238464355469,510.1222471656115,503.1430694012387,507.40542549133613,86425500
2024-03-11,503.29071044921875,503.8813408255942,500.5541520780311,502.50322330785735,62557200
2024-03-12,508.7048034667969,509.29540380974066,502.8772663697994,505.4268213599131,73114400
2024-03-13,507.90740966796875,509.2067905212248,506.4505554149632,509.0296104159743,55104100
2024-03-14,506.90338134765625,509.0493093648836,503.8222860546738,508.8917758861152,110171800
2024-03-15,503.42266845703125,505.26919243547775,501.7341674193777,503.79789760629797,107585800
2024-03-18,506.4145812988281,509.00164944251645,505.9998765535288,507.54026873273324,88893300
2024-03-19,509.2288513183594,509.51518505530515,504.69650949147376,505.7135939252134,60755300
2024-03-20,513.9387817382812,514.0770367347149,508.60668308986254,509.28801383732645,69594600
2024-03-21,515.6372680664062,517.5232376399493,515.3508740673177,516.8123151624139,60256100
2024-03-22,514.65966796875,516.0420371815087,514.4226335652195,515.5483209766468,79023000
2024-03-25,513.23779296875,514.4029560483432,513.0797700238013,513.2673846033686,48512100
2024-03-26,512.2898559570312,515.0250632840681,511.88503514758946,514.679425746157,65463700
2024-03-27,516.5950317382812,516.6345676089135,512.9612874577568,515.1534188944993,82999800
2024-03-28,516.496337890625,518.0169622820405,516.2100041549976,516.6345929084168,96294900
2024-04-01,515.5977172851562,517.7898487303629,514.4226702231268,517.2467729199333,62477500
2024-04-02,512.3194580078125,512.4576527414321,509.9890717169841,511.72696240109013,74230300
2024-04-03,512.8822631835938,514.4029477306854,511.1641403606512,511.21349992961393,59155800
2024-04-04,506.6219787597656,517.286237258894,506.31587710832724,516.940660005626,96858100
2024-04-05,511.9146423339844,513.8993913739598,507.55020740054874,507.9945640953058,74482100
2024-04-08,512.200927734375,513.6426007971904,511.3814021999841,512.6255767206463,48401800
2024-04-09,512.7933959960938,514.2054170815929,507.8858256784909,513.9585589840982,68124400
2024-04-10,507.65875244140625,509.67309288761504,505.65429596232127,507.02678122640623,82652800
2024-04-11,511.489990234375,512.9513709206839,505.6444072210478,509.1991398026987,70099000
2024-04-12,504.42987060546875,509.33741106297106,502.68209589185415,507.9056219639592,92469100
2024-04-15,498.11029052734375,508.82390805245916,497.2511990193402,508.65606141807774,92101400
2024-04-16,497.2018737792969,500.13454944041007,495.89845567790263,498.594157187507,73484000
2024-04-17,494.2593078613281,499.8580631918657,492.8472866698088,499.6901864139846,75910300
2024-04-18,493.24224853515625,497.79432781744384,492.29432181692374,495.6713540683197,74548100
2024-04-19,488.9370422363281,494.17042202511874,487.6533620058756,493.16325180181735,102129100
2024-04-22,493.43975830078125,496.0663323040314,489.2036645395879,491.5734964560846,67961000
2024-04-23,499.29522705078125,499.72969975232706,493.25214509988666,495.47386817795365,64633600
2024-04-24,499.0582580566406,500.99361729822607,496.8069131862928,500.1937993925793,55928100
2024-04-25,497.162353515625,497.93254961957143,491.23775882863794,492.9065220761964,69122400
2024-04-26,501.8724670410156,503.47210291721257,499.344642176449,499.9864672937559,64306100
2024-04-29,503.6498107910156,504.33114161625775,500.87512791942584,503.679432560198,46415400
2024-04-30,495.67132568359375,503.1560499967319,495.67132568359375,502.16861759935483,77483600
2024-05-01,494.06182861328125,501.8032953461073,493.5878501926421,495.0788828236565,80242800
2024-05-02,498.6829833984375,499.5321909315141,493.27184300217647,497.81403806563185,62550200
2024-05-03,504.8643493652344,506.1084937698732,502.1686479094306,504.73597832437986,72756700
2024-05-06,510.07794189453125,510.1174174924548,506.84901878864906,507.29337540466497,47264700
2024-05-07,510.6407775878906,512.0527986097068,509.9594468588099,511.0554822979131,52561300
2024-05-08,510.690185546875,511.23326133471676,508.66596110050506,508.7844481717399,42047200
2024-05-09,513.6327514648438,513.6722873367964,510.216273554399,510.87783646053344,43643700
2024-05-10,514.2943725585938,516.0717390144458,513.0600819270163,515.2521531600112,52233200
2024-05-13,514.3633422851562,516.101232807844,513.2080633480845,515.9926297171974,36716400
2024-05-14,516.723388671875,517.246756798696,514.0178334036524,514.5609091971558,57535900
2024-05-15,523.1218872070312,523.4181048289095,518.579662688599,519.2215177594032,59504900
2024-05-16,522.0457153320312,524.8401663132244,521.8975763428413,523.2207624728927,50244800
2024-05-17,522.796142578125,522.8652700844239,520.6929065582314,522.1641713217606,59187600
2024-05-20,523.3984375,524.8795861621629,522.5196081627743,522.9146052465884,37764200
2024-05-21,524.6820678710938,524.8400908059087,522.4208693618174,522.6282518632279,33437000
2024-05-22,523.17138671875,524.7018950646127,520.9693712262205,523.9810886138737,48390000
2024-05-23,519.3499755859375,526.370605604358,518.1255087640279,526.2620025028626,57211200
2024-05-24,522.7861938476562,523.6057795858457,520.2583694034415,521.2161498690128,41258400
2024-05-28,523.151611328125,523.8428261329518,520.4855315198485,523.6058519754333,36269600
2024-05-29,519.4882202148438,520.6830352503243,518.7674137672095,519.0735154350635,45190300
2024-05-30,516.0420532226562,518.5995297613006,514.7781710383293,517.9280829339874,46468500
2024-05-31,520.7422485351562,520.8706195756462,511.84547248017293,517.0097851977956,90785800
2024-06-03,521.1668090820312,522.657841650115,516.032148544318,522.3715079503993,46835700
2024-06-04,521.7494506835938,522.49990899419,518.3625645865347,519.8437132727871,34632700
2024-06-05,527.9505004882812,527.9702684234203,522.0851492209949,524.0995500261425,47610400
2024-06-06,527.9406127929688,528.6910711058155,525.985515807043,528.2565984124882,30808500
2024-06-07,527.2987670898438,530.1425771236412,525.8472101733005,526.9531296011007,43224500
2024-06-10,528.9280395507812,529.253909134287,525.8769070309806,526.4792263610262,35729300
2024-06-11,530.2018432617188,530.2610867954452,525.3634003577233,527.3580331066662,36383400
2024-06-12,534.556396484375,537.2817195863698,533.5097205376181,534.823022521598,63251300
2024-06-13,535.6328125,536.5017579876713,532.8087697991187,536.3240273562978,44760900
2024-06-14,535.9586791992188,535.9882708369021,533.0654487335895,534.0825332092376,40089900
2024-06-17,540.2242431640625,541.6363245352009,534.8032489186013,535.2673734870664,55839500
2024-06-18,541.5968627929688,541.725233844278,539.8589718842574,540.2835606431654,41376400
2024-06-20,540.1255493164062,543.206333734204,538.3284150280085,542.5348869014116,70328200
2024-06-21,539.4014892578125,540.5308084404068,537.9254779136916,539.2925357741935,64513900
2024-06-24,537.64794921875,541.8184723430678,537.5290799077853,539.2230582828091,45528700
2024-06-25,539.7184448242188,540.0849686628054,537.3508531925171,538.886299065316,38273300
2024-06-26,540.3920288085938,541.1151605924962,537.935315544085,538.5890968132603,38550600
2024-06-27,541.2439575195312,541.8284487491936,539.5004601471773,540.2533395091051,35041500
2024-06-28,539.1141357421875,545.1173392760371,537.85609191082,542.0265552795133,76144500
2024-07-01,540.2236328125,540.758544752217,537.4300828689322,540.5108902585941,40297800
2024-07-02,543.8591918945312,543.8591918945312,538.5494939837195,538.599012790672,40434800
2024-07-03,546.2861938476562,546.6527176503928,543.5025598400373,543.5421627913393,32789900
2024-07-05,549.4364013671875,549.8425281579695,545.9494065364628,546.593332444134,41488400
2024-07-08,550.0703735351562,551.0312439407816,548.9905733480141,550.2288458063081,36110500
2024-07-09,550.6053466796875,551.9525727530728,550.3081733491656,551.0412210519627,27289700
2024-07-10,556.0537109375,556.4004030574295,551.5464110657902,551.843584377519,38701200
2024-07-11,551.2590942382812,557.0542459098444,550.6152288053468,556.1725813645302,53054200
2024-07-12,554.7361450195312,558.3816118783382,551.9228238555439,552.3983011311424,53084400
2024-07-15,556.26171875,559.5406617004013,554.3795204861657,556.7570277181121,40584300
2024-07-16,559.5604858398438,559.8576591562987,556.8263704034057,557.589165634412,36475300
2024-07-17,551.71484375,555.2513576014627,551.3879228494364,553.5573788940302,57119000
2024-07-18,547.4749145507812,554.2705999484662,545.2658557697873,553.2700660994436,56270400
2024-07-19,543.83935546875,548.8816275932654,542.7694711202483,547.2371678865376,65509100
2024-07-22,549.4462890625,550.0604673756361,545.8503409432385,547.8117452037362,43346700
2024-07-23,548.58447265625,551.5166632808257,548.0891636493933,549.337291558151,34439600
2024-07-24,536.1521606445312,544.0176699808688,535.2209773062864,543.7105808194543,74515300
2024-07-25,533.3585815429688,542.3237223216066,532.4076270111065,536.2710007218393,61158300
2024-07-26,539.3320922851562,542.0562919162144,536.4097569520611,537.192383905728,53763800
2024-07-29,539.6490478515625,541.9175412062577,537.6281485235597,540.8972361512061,39515800
2024-07-30,536.9149780273438,542.2049049678778,533.4676465939222,541.1350205544782,46853600
2024-07-31,545.642333984375,548.3070989978249,542.4426569823155,543.8294859958498,65663400
2024-08-01,537.9154663085938,549.6641807633281,534.3690370943198,547.3857715555625,76428700
2024-08-02,527.9003295898438,531.9519231451793,523.6406240360384,530.7235665615322,82789100
2024-08-05,512.5260009765625,518.6678453317485,505.4826905163604,506.83986271705425,146267400
2024-08-06,517.2511596679688,524.7798315083766,513.0112860421735,514.3485960195756,84826300
2024-08-07,513.7939453125,526.6026902576085,513.1896827964204,523.511906231245,70698300
2024-08-08,525.6715087890625,526.3054584092854,516.9441659152586,518.9946921355962,63276600
2024-08-09,527.989501953125,529.4952607290277,523.6010712707529,524.8393438265869,45619600
2024-08-12,528.2669067382812,530.7037884446491,525.9686656073576,529.1980901235476,42542100
2024-08-13,536.95458984375,537.1923889659508,531.2486806240174,531.4963351382646,52333100
2024-08-14,538.6485595703125,539.847229165935,535.052611245972,537.7569791487715,42446900
2024-08-15,547.881103515625,548.168360968592,543.730411684699,544.3445900065761,60846800
2024-08-16,549.1094360351562,549.8127965494804,546.0880633659141,546.246535635152,44430700
2024-08-19,554.3597412109375,554.3597412109375,548.6636875389138,549.5255203879397,39121800
2024-08-20,553.4583129882812,555.5782501123483,552.1011711057072,553.9041032003555,33732300
2024-08-21,555.3602905273438,556.8363017589311,549.5255356579909,554.5182893635274,41514600
2024-08-22,551.0015258789062,557.8962490623195,549.7731692085193,557.2820707271261,56121500
2024-08-23,556.8560791015625,557.8070941103703,552.0614615681247,554.2804965886761,50639400
2024-08-26,555.5286254882812,558.6193486946379,553.8049599073349,557.896216929936,35788600
2024-08-27,556.2914428710938,556.7867518721707,553.0818502181188,554.240856351132,32693900
2024-08-28,553.0620727539062,556.3806796641229,549.8326480761413,555.944805281924,41066000
2024-08-29,553.1115112304688,558.3915218624276,551.9525051521193,555.0531441896234,38715200
2024-08-30,558.3916015625,558.9067423208585,551.9129809757791,555.5089295042542,62700100
2024-09-03,546.900390625,555.5484662312776,544.3544951641693,555.2116295150004,60600100
2024-09-04,545.781005859375,549.2283371934773,544.304994695349,545.0380423502995,47224900
2024-09-05,544.4535522460938,548.6042441438841,541.9670913565726,545.7215723262182,44264300
2024-09-06,535.290283203125,546.4248189179493,534.3789316488474,544.7804197789798,68493800
2024-09-09,541.2835693359375,542.5714211405976,537.5885834445576,539.5401323975631,40445800
2024-09-10,543.6412353515625,543.9979037862945,538.2820185267881,543.2152768632277,36394600
2024-09-11,549.2184448242188,550.1496282139123,534.8941464527446,543.5521385747207,75248600
2024-09-12,553.8446044921875,554.1516936316567,547.5541443659336,549.8028664126241,51892700
2024-09-13,556.7372436523438,557.747693381765,554.2012639371025,554.4588342965648,39310500
2024-09-16,557.5595092773438,557.8269350456358,554.6470896904447,556.469793106888,36656100
2024-09-17,557.7872314453125,561.2643099684927,555.528593598197,559.7981543534722,49321000
2024-09-18,556.1329956054688,563.354579399442,555.5683360633434,558.4510079757443,59044900
2024-09-19,565.623046875,567.5052452619498,562.7502909495536,565.6527944370424,75315500
2024-09-20,564.6453247070312,565.6985982057745,561.584845604879,564.237952213736,77503100
2024-09-23,566.0562744140625,566.7121216588677,564.4962264504853,565.7284114396389,44116900
2024-09-24,567.6759643554688,567.7355813214435,563.999423059069,566.8611587218248,46805700
2024-09-25,566.4239501953125,568.2622511765038,565.301113457304,567.5170087741786,38428600
2024-09-26,568.6696166992188,571.064362885533,566.2848774298052,570.7364392510955,48336000
2024-09-27,567.8448486328125,570.5774039966909,566.8015214416548,569.7527127715928,42100900
2024-09-30,570.120361328125,570.7364235043248,564.4763997038558,566.8015219435828,63557400
2024-10-01,565.0130004882812,570.4184947172506,562.4096250967393,569.7627080586115,72668800
2024-10-02,565.2514038085938,566.2848453499787,561.6842110514825,564.1087352592257,38097800
2024-10-03,564.218017578125,566.1854379587239,561.9027810482431,563.7609137739149,40846500
2024-10-04,569.3453369140625,569.7229312723451,564.4962878742092,568.7193284068038,42939100
2024-10-07,564.1981201171875,568.3317649115912,563.0355590522512,567.6759176917978,49964700
2024-10-08,569.5340576171875,570.1402341517621,565.9171941862298,566.8015023453726,37398700
2024-10-09,573.4789428710938,574.0453343695604,568.9180327244846,569.5241486507804,37912200
2024-10-10,572.475341796875,573.9161558957669,570.8457305312595,572.117640001393,44138100
2024-10-11,575.9034423828125,576.6486847463361,572.2566794174254,572.3958058807981,42268000
2024-10-14,580.6133422851562,581.5573280392331,577.0460889559533,577.5329709112202,36217200
2024-10-15,576.1021728515625,581.1896890869497,574.8699878939491,580.8816580095407,54203600
2024-10-16,578.606201171875,579.1328682582629,575.2874222334457,576.1022278881695,30725400
2024-10-17,578.6558227539062,582.4019270642203,578.4670255981297,582.1932373716321,34393700
2024-10-18,580.8816528320312,581.6765658652295,578.8843936568359,580.3649320688628,37416800
2024-10-21,579.927734375,581.1399661656003,576.9169261394305,580.1463096888544,36439000
2024-10-22,579.6196899414062,580.7921972791999,576.6983375411487,577.3640703837991,34183800
2024-10-23,574.323486328125,578.0199198880117,570.776125496096,577.5727623524157,49314600
2024-10-24,575.5656127929688,576.3804184452299,572.9125667744971,576.3009089394529,34979900
2024-10-25,575.3668823242188,580.7525446363423,574.4130108253214,577.8212456055562,47268200
2024-10-28,577.1455078125,579.0135868388169,576.8374767309253,578.8844066451263,30174700
2024-10-29,578.07958984375,579.2123122169955,574.76075028541,576.1717256033711,42899700
2024-10-30,576.3306884765625,579.6196889070394,575.6152242941146,577.6025371982813,41435800
2024-10-31,565.0328369140625,571.9784860249016,564.8340934879141,571.9089227933508,60182500
2024-11-01,567.4176025390625,571.8990031889416,567.0002837782789,567.6958554782392,45667500
2024-11-04,566.1953735351562,568.8683117841309,564.2875701521782,567.5566780058409,38217000
2024-11-05,573.041748046875,573.0814724758461,566.9009578077806,567.1195331390961,39478300
2024-11-06,587.2907104492188,588.1750792814856,581.6765876653681,585.4624164691394,68182000
2024-11-07,591.831787109375,592.8652287778515,589.2383579645752,589.3178674732238,47233200
2024-11-08,594.3953857421875,595.8361998006164,592.3881801994943,592.3881801994943,46444900
2024-11-11,594.9617919921875,596.3628210105743,593.2129468004555,596.0051192162604,37586800
2024-11-12,593.1135864257812,595.4883793575724,590.5996063811249,594.8822634508298,43006100
2024-11-13,593.4017333984375,595.4287708447639,591.1858987893664,593.5805842924092,47388600
2024-11-14,589.5860595703125,594.0177893902365,588.8905485392219,593.5309074092812,38904100
2024-11-15,582.0343017578125,586.456085364698,580.1562763950889,585.979088998431,75988800
2024-11-18,584.4190673828125,585.75053306763,581.6268951744081,582.5012570573457,37084100
2024-11-19,586.555419921875,587.2907160283254,580.3252349064234,581.0009140487828,49412000
2024-11-20,586.7542114257812,587.0423500011664,580.9214521437177,586.6349774878298,50032600
2024-11-21,589.904052734375,591.344866826489,583.7235382544677,589.6358067130162,46750300
2024-11-22,591.7323608398438,592.3683155218499,589.3873461789195,589.8940600229174,38226400
2024-11-25,593.7395629882812,597.0483952740943,591.4243264966409,595.7169296044814,42441400
2024-11-26,596.8397827148438,597.5154618364036,594.2761320418831,595.0014818573266,45621300
2024-11-27,595.0313110351562,597.0384558306165,593.4911556618155,596.6509759062111,34000200
2024-11-29,598.7276611328125,599.5225741357542,595.5777872765691,595.8559795360102,30177400
2024-12-02,599.8008422851562,600.486467655311,598.6481668508209,599.1449950712815,31746000
2024-12-03,600.0791015625,600.3275157004707,598.5191141462687,599.5624413961492,26906600
2024-12-04,603.8052368164062,604.0536509227738,601.1124667180848,601.7881458096479,42787600
2024-12-05,602.8116455078125,604.6201076752798,602.4539437115175,603.8053020406198,28762200
2024-12-06,603.954345703125,605.2063625778626,603.1693789132718,603.5866976555247,31241500
2024-12-09,600.84423828125,604.0040588477694,600.2480686075606,603.8351542148879,34742700
2024-12-10,598.9761352539062,601.9571047996105,598.3104023701336,601.5298397758172,37234500
2024-12-11,603.6065673828125,604.5703850257809,601.6589789125985,601.9372318289047,28677700
2024-12-12,600.4964599609375,603.3084642377864,600.4964599609375,602.7321871244142,31543800
2024-12-13,600.377197265625,603.2786571751108,598.9860539491438,602.5533073597338,35904700
2024-12-16,602.9407958984375,603.9245667615821,601.370862320769,602.1558291096032,43695200
2024-12-17,600.4566650390625,601.3310876116105,599.0655823267214,600.3573236481737,55773500
2024-12-18,582.5609741210938,602.5632240884986,582.1734335224694,600.1486460207312,108248700
2024-12-19,582.382080078125,589.238334536819,582.1336659404619,587.6087232382334,85919500
2024-12-20,589.3770751953125,593.963254751842,579.1677354036608,580.0252023798975,125716700
2024-12-23,592.9064331054688,593.5145890145251,585.8974879778806,589.1178420766572,57635800
2024-12-24,599.49658203125,599.5365010094702,593.6840502010506,594.2723074608894,33160100
2024-12-26,599.5364990234375,600.673033709029,596.286266618511,597.7019907423149,41219100
2024-12-27,593.2254638671875,595.9871755936747,588.9882104091681,595.7478442826339,64969300
2024-12-30,586.455810546875,589.9652730101648,582.6572397439561,586.1268440800185,56578800
2024-12-31,584.322265625,588.8685869923663,582.6672101639617,588.1407350043717,57052700
2025-01-02,582.8865966796875,589.3571225168115,578.7589985198474,587.6223507588766,50204000
2025-01-03,590.1746215820312,590.8226355752365,584.6711578252952,585.7678951902626,37888500
2025-01-06,593.5744018554688,597.9014122494413,591.8196706515002,594.4817066914783,47679400
2025-01-07,586.8646240234375,595.9572670439192,585.0201967640594,595.6282397198856,60393100
2025-01-08,587.7219848632812,588.8087424972755,583.4448733889237,586.9343761474076,47304700
2025-01-10,578.7489624023438,584.1926084677874,576.8147784906305,584.1228111122192,73105000
2025-01-13,579.6463012695312,580.0052069477971,573.6243775799428,574.0431617233518,47910100
2025-01-14,580.4439086914062,583.2454785560273,576.6153987751911,582.6073834279746,48420600
2025-01-15,591.002197265625,592.1586914849061,587.4329171587094,588.5595329953718,56900200
2025-01-16,589.8656005859375,592.5674339582336,589.1577080719753,592.3879811065466,43319700
2025-01-17,595.7877807617188,597.562410619056,593.8236574580369,595.1696451072651,58070600
2025-01-21,601.2413330078125,601.2513127523598,596.8744645431257,598.8684661853716,42532900
2025-01-22,604.6211547851562,605.9970207281947,603.5443769053658,604.1026949074611,48196000
2025-01-23,607.9212646484375,607.9212646484375,603.7039705508554,603.9830991440912,41152100
2025-01-24,606.1465454101562,608.9481760680518,604.980071516125,607.981053651763,34604700
2025-01-27,597.5723876953125,597.8914352658803,592.8565932019453,593.0260663058995,70361100
2025-01-28,602.7069702148438,603.5543965921443,595.4587545999498,598.818642579001,44433300
2025-01-29,600.0050659179688,602.3181151413867,597.4228069982945,601.9093107246936,37177400
2025-01-30,603.225341796875,604.7806606099443,598.9182910409676,602.1486247469728,39281300
2025-01-31,600.0150146484375,608.1306155740967,599.2473045778189,605.6779717570167,66671500
2025-02-03,595.9771728515625,598.4895734255874,588.7189779992506,590.8924323868896,65857200
2025-02-04,599.9751586914062,600.4935577176606,595.4886551807033,596.0369934393696,33457800
2025-02-05,602.4077758789062,602.5573503352053,596.784737785208,598.8385569367734,30653100
2025-02-06,604.5015258789062,604.6311408496849,600.8225905322549,604.172498579845,35771500
2025-02-07,598.9682006835938,606.3061120968874,598.2503284518037,605.0698408193554,50788500
2025-02-10,603.035888671875,603.683963510289,600.9322316611732,602.2184015940107,26048700
2025-02-11,603.4945678710938,604.0429061552635,600.6232006225274,600.7428358535425,30056700
2025-02-12,601.5504150390625,602.7368484783108,596.714985283226,597.4029183001364,45076100
2025-02-13,607.9013061523438,608.1106982366895,601.3909222732692,602.6670517126223,40921300
2025-02-14,607.8713989257812,609.1575080488998,607.2432835546514,608.1106693810499,26910400
2025-02-18,609.656005859375,609.656005859375,606.5553479941693,609.0478499794664,26749000
2025-02-19,611.0916748046875,611.3907628653418,607.731787077126,608.2502469503253,31011100
2025-02-20,608.5493774414062,609.845466362675,605.1994692243143,609.705871640604,36554000
2025-02-21,598.1406860351562,608.4696001270332,597.6720639975363,608.3300054050101,76519800
2025-02-24,595.4188842773438,601.2214363779027,594.7010120406462,600.2144558088706,50737200
2025-02-25,592.457763671875,596.0968410433766,587.7918070882386,595.3590701652774,58266500
2025-02-26,592.7568359375,597.7817589335975,590.0848810857798,594.1426816591761,43321600
2025-02-27,583.2952880859375,596.226419710782,582.8965242893548,595.0598849968359,74196700
2025-02-28,592.39794921875,592.9363077632394,580.6931691446642,583.8038068836951,88744100
2025-03-03,582.0191650390625,595.5484729311629,578.1607768871335,594.3919179487391,74249200
2025-03-04,575.1298828125,583.63432908105,570.533723601707,577.9713716824587,109648200
2025-03-05,581.311279296875,583.1258280404028,571.3612308662864,574.9603891205771,71230500
2025-03-06,570.9923706054688,578.4299578955523,568.4101116656967,573.7540215413394,80094900
2025-03-07,574.1926879882812,575.6583108183255,563.9335715863721,569.187785314308,81158800
2025-03-10,558.8987426757812,567.8318311729231,553.9237182672504,565.8877282348667,99326600
2025-03-11,554.252685546875,562.3284287982106,550.3644188129149,557.7222898220398,88102100
2025-03-12,557.19384765625,561.4211214289652,552.0293906715008,560.483938216931,69588200
2025-03-13,549.7661743164062,557.4331130450024,548.0314026284964,556.8149774056806,74079400
2025-03-14,561.1220092773438,562.1389695505442,549.835953090791,554.442091848548,62660300
2025-03-17,565.4490356445312,568.0013552926785,560.6633830586674,561.1020658506349,49008700
2025-03-18,559.33740234375,563.3254055013634,557.3832588897637,563.1060336846033,66041400
2025-03-19,565.4290771484375,569.2376275644565,559.9455726652652,561.141985813832,66556000
2025-03-20,563.7940063476562,568.8587877529125,560.9126592589647,561.6405112658884,62958200
2025-03-21,563.97998046875,564.8900146484375,558.030029296875,559.280029296875,83763000
2025-03-24,574.0800170898438,575.1500244140625,570.2000122070312,570.7999877929688,58766800
2025-03-25,575.4600219726562,576.4099731445312,573.6900024414062,575.2999877929688,38355700
2025-03-26,568.5900268554688,576.3300170898438,567.1900024414062,575.1900024414062,51848300
2025-03-27,567.0800170898438,570.9000244140625,564.9400024414062,567.1799926757812,42164200
2025-03-28,555.6599731445312,566.27001953125,555.0700073242188,565.530029296875,71662700
2025-03-31,559.3900146484375,560.7100219726562,546.8699951171875,549.8300170898438,95328200
2025-04-01,560.969970703125,562.9400024414062,553.6799926757812,557.4500122070312,54609600
2025-04-02,564.52001953125,567.4199829101562,554.8099975585938,555.0499877929688,76014500
2025-04-03,536.7000122070312,547.969970703125,536.7000122070312,545.1099853515625,125986000
2025-04-04,505.2799987792969,525.8699951171875,505.05999755859375,523.6699829101562,217965100
2025-04-07,504.3800048828125,523.1699829101562,481.79998779296875,489.19000244140625,256611400
2025-04-08,496.4800109863281,524.97998046875,489.1600036621094,521.8599853515625,165816600
2025-04-09,548.6199951171875,548.6199951171875,493.04998779296875,493.44000244140625,241867300
2025-04-10,524.5800170898438,533.5,509.32000732421875,532.1699829101562,162331200
2025-04-11,533.9400024414062,536.4299926757812,520.0700073242188,523.010009765625,97866300
2025-04-14,539.1199951171875,544.280029296875,533.8599853515625,544.0499877929688,68034000
2025-04-15,537.6099853515625,543.22998046875,536.8099975585938,539.6699829101562,56892900
2025-04-16,525.6599731445312,537.8900146484375,520.2899780273438,531.6799926757812,83484800
2025-04-17,526.4099731445312,531.1699829101562,523.9099731445312,527.6400146484375,79741000
2025-04-21,513.8800048828125,521.7000122070312,508.4599914550781,521.1599731445312,69368100
2025-04-22,527.25,529.2999877929688,519.1900024414062,520.1400146484375,75370700
2025-04-23,541.0,545.344970703125,539.5100708007812,540.4299926757812,24120465
